"Handle","Title","Body (HTML)","Vendor","Type","Tags","Published","Option1 Name","Option1 Value","Option2 Name","Option2 Value","Option3 Name","Option3 Value","Variant SKU","Variant Grams","Variant Inventory Tracker","Variant Inventory Qty","Variant Inventory Policy","Variant Fulfillment Service","Variant Price","Variant Compare At Price","Variant Requires Shipping","Variant Taxable","Variant Barcode","Image Src","Image Position","Image Alt Text","Gift Card","Variant Image","Variant Weight Unit","Variant Tax Code","Cost per item"
"male-rose-cyclone-spinning-masturbator","Male Rose Cyclone Spinning Masturbator","","Capricho Adult Store","","","2024-03-27T06:51:04-05:00","Title","Default Title",,,,,"MR-100",408,,,"deny","manual","49.99","99.99",,false,,"https://cdn.shopify.com/s/files/1/0537/8893/4339/files/gTMDr9v3RtURCx0GsQL9HnoGMGsRsCro.jpg?v=1709127185",1,,,,,,
"male-rose-cyclone-spinning-masturbator",,,,,,,,,,,,,,,,,,,,,,,,"https://cdn.shopify.com/s/files/1/0537/8893/4339/files/fRM4tHpSwJCIefAyuafsNATa5URKTHyh.jpg?v=1709127186",2,,,,,,
"male-rose-cyclone-spinning-masturbator",,,,,,,,,,,,,,,,,,,,,,,,"https://cdn.shopify.com/s/files/1/0537/8893/4339/files/ionrO117creVlUxCsEOjknl4tWs0afIQ.jpg?v=1709127185",3,,,,,,
"male-rose-cyclone-spinning-masturbator",,,,,,,,,,,,,,,,,,,,,,,,"https://cdn.shopify.com/s/files/1/0537/8893/4339/files/X3myvAJ4QeYJlWx8O5IubPYgXgkzIm0d.jpg?v=1709127186",4,,,,,,
"zipper-front-long-sleeved-matte-romper","Zipper Front Long Sleeved Matte Romper","<p>The Leg Avenue Zipper Front Long Sleeved Romper Bodysuit is sure to take your DIY costume from forgettable to fierce! This provocative bodysuit gives off major femme fatale vibes with stretchy matte fabric, a seductive plunging zipper front and full-length sleeves. The slinky bodysuit adds major sex appeal to any costume with its curve-hugging fit and cheeky boyshort cut.</p>
<p>Embody our fave femme comic book cat burglar by pairing the slinky bodysuit with the Leg Avenue Wet Look Cat Mask, Faux Leather Braided Mini Whip and Claw Motorcycle Gloves. For a fierce festival look, pair this wild wet-look bodysuit with the Leg Avenue Iridescent Studded Vinyl Body Harness, Dual Strap Studded Thigh High Garters and Fishnet Stockings.</p>
<p>No matter how you style this sexy suit, this matte black bodysuit is perfect for Halloween parties, rave festivals, comic conventions, or DIY cosplay. Sizing: Small fits size 4-6, Medium fits size 8-10, and Large fits size 12-14.</p>","Capricho Adult Store","Costume","Black,Costume Accessories,Costume Bodysuits,Costumes,Festival & Rave,Large,Medium,Nylon,Small,womencostumechart","2024-03-27T06:49:25-05:00","Size","Small",,,,,"LA-86869BLKS",295,,,"deny","manual","50.00","100.00",,false,,"https://cdn.shopify.com/s/files/1/0537/8893/4339/files/Zipper-Front-Long-Sleeved-Matte-Romper-Capricho-Adult-Store-28612880.jpg?v=1700630741",1,,,"https://cdn.shopify.com/s/files/1/0537/8893/4339/files/Zipper-Front-Long-Sleeved-Matte-Romper-Capricho-Adult-Store-28612880.jpg?v=1700630741",,,
"zipper-front-long-sleeved-matte-romper",,,,,,,"Size","Medium",,,,,"LA-86869BLKM",318,,,"deny","manual","44.95","89.99",,false,,"https://cdn.shopify.com/s/files/1/0537/8893/4339/files/Zipper-Front-Long-Sleeved-Matte-Romper-Capricho-Adult-Store-28612989.jpg?v=1700630745",2,,,"https://cdn.shopify.com/s/files/1/0537/8893/4339/files/Zipper-Front-Long-Sleeved-Matte-Romper-Capricho-Adult-Store-28612880.jpg?v=1700630741",,,
"zipper-front-long-sleeved-matte-romper",,,,,,,"Size","Large",,,,,"LA-86869BLKL",340,,,"deny","manual","44.95","89.99",,false,,,,,,"https://cdn.shopify.com/s/files/1/0537/8893/4339/files/Zipper-Front-Long-Sleeved-Matte-Romper-Capricho-Adult-Store-28612880.jpg?v=1700630741",,,
"vinyl-boned-bodysuit","Vinyl Boned Bodysuit","<p><strong>Sexy Halloween costumes</strong> are all about the details, and this strapless vinyl bodysuit by Leg Avenue is sure to inspire amazing costume ideas. The ultra-sexy <strong>women's bodysuit</strong> features a boned front and zipper back, with a bat-wing bodice detail that's perfect for sexy costumes and daring role-play looks.</p>
<ul>
<li>Package Includes: bodysuit</li>
<li>Fit &amp; Style: Show off those killer curves in this body-forming, sexy body suit with extra cheeky fit and bat wing bodice.</li>
<li>Occasion: From catwoman to devil costumes, this women's bodysuit is a versatile piece for any daring costume.</li>
<li>Features: The support boning makes sure this strapless bodysuit stays in place.</li>
<li>Complete the Look: Pair with Leg Avenue accessories and hosiery for the perfect DIY women's Halloween costumes.</li>
<li>Materials/Care: Hand wash cold; Do not bleach; Drip dry; Do not iron</li>
</ul>","Leg Avenue","Costume Accessory","2022,badge_new color,Black,Bundle,Costume Accessories,Costume Bodysuits,fbtt4_2780-vinyl-bodysuit,Festival & Rave,Large,Medium,New Arrivals,Red,Small,White","2024-03-27T06:49:22-05:00","Color","Red","Size","Small",,,"LA-2780REDSM",204,,,"deny","manual","48.99","97.99",,false,,"https://cdn.shopify.com/s/files/1/0537/8893/4339/files/Vinyl-Boned-Bodysuit-Leg-Avenue-30691728.jpg?v=1701664938",1,,,"https://cdn.shopify.com/s/files/1/0537/8893/4339/files/Vinyl-Boned-Bodysuit-Leg-Avenue-28615028.jpg?v=1701664938",,,
"vinyl-boned-bodysuit",,,,,,,"Color","Red","Size","Medium",,,"LA-2780REDMD",204,,,"deny","manual","48.99","97.99",,false,,"https://cdn.shopify.com/s/files/1/0537/8893/4339/files/Vinyl-Boned-Bodysuit-Leg-Avenue-30691893.jpg?v=1701664938",2,,,"https://cdn.shopify.com/s/files/1/0537/8893/4339/files/Vinyl-Boned-Bodysuit-Leg-Avenue-28615028.jpg?v=1701664938",,,
"vinyl-boned-bodysuit",,,,,,,"Color","Red","Size","Large",,,"LA-2780REDLG",204,,,"deny","manual","48.99","97.99",,false,,"https://cdn.shopify.com/s/files/1/0537/8893/4339/files/Vinyl-Boned-Bodysuit-Leg-Avenue-30512058.jpg?v=1701664938",3,,,"https://cdn.shopify.com/s/files/1/0537/8893/4339/files/Vinyl-Boned-Bodysuit-Leg-Avenue-28615028.jpg?v=1701664938",,,
"vinyl-boned-bodysuit",,,,,,,"Color","Black","Size","Small",,,"LA-2780BLKSM",204,,,"deny","manual","48.99","97.99",,false,,"https://cdn.shopify.com/s/files/1/0537/8893/4339/files/Vinyl-Boned-Bodysuit-Leg-Avenue-28615028.jpg?v=1701664938",4,,,"https://cdn.shopify.com/s/files/1/0537/8893/4339/files/Vinyl-Boned-Bodysuit-Leg-Avenue-28615526.jpg?v=1701664938",,,
"vinyl-boned-bodysuit",,,,,,,"Color","Black","Size","Medium",,,"LA-2780BLKMD",204,,,"deny","manual","48.99","97.99",,false,,"https://cdn.shopify.com/s/files/1/0537/8893/4339/files/Vinyl-Boned-Bodysuit-Leg-Avenue-28615197.jpg?v=1701664938",5,,,"https://cdn.shopify.com/s/files/1/0537/8893/4339/files/Vinyl-Boned-Bodysuit-Leg-Avenue-28615526.jpg?v=1701664938",,,
"vinyl-boned-bodysuit",,,,,,,"Color","Black","Size","Large",,,"LA-2780BLKLG",204,,,"deny","manual","48.99","97.99",,false,,"https://cdn.shopify.com/s/files/1/0537/8893/4339/files/Vinyl-Boned-Bodysuit-Leg-Avenue-28615254.jpg?v=1701664938",6,,,"https://cdn.shopify.com/s/files/1/0537/8893/4339/files/Vinyl-Boned-Bodysuit-Leg-Avenue-28615526.jpg?v=1701664938",,,
"vinyl-boned-bodysuit",,,,,,,"Color","White","Size","Small",,,"LA-2780WHTSM",204,,,"deny","manual","48.99","97.99",,false,,"https://cdn.shopify.com/s/files/1/0537/8893/4339/files/Vinyl-Boned-Bodysuit-Leg-Avenue-28615369.jpg?v=1701664938",7,,,"https://cdn.shopify.com/s/files/1/0537/8893/4339/files/Vinyl-Boned-Bodysuit-Leg-Avenue-28616141.jpg?v=1701664938",,,
"vinyl-boned-bodysuit",,,,,,,"Color","White","Size","Medium",,,"LA-2780WHTMD",204,,,"deny","manual","48.99","97.99",,false,,"https://cdn.shopify.com/s/files/1/0537/8893/4339/files/Vinyl-Boned-Bodysuit-Leg-Avenue-28615447.jpg?v=1701664938",8,,,"https://cdn.shopify.com/s/files/1/0537/8893/4339/files/Vinyl-Boned-Bodysuit-Leg-Avenue-28616141.jpg?v=1701664938",,,
"vinyl-boned-bodysuit",,,,,,,"Color","White","Size","Large",,,"LA-2780WHTLG",204,,,"deny","manual","48.99","97.99",,false,,"https://cdn.shopify.com/s/files/1/0537/8893/4339/files/Vinyl-Boned-Bodysuit-Leg-Avenue-28615526.jpg?v=1701664938",9,,,"https://cdn.shopify.com/s/files/1/0537/8893/4339/files/Vinyl-Boned-Bodysuit-Leg-Avenue-28616141.jpg?v=1701664938",,,
"vinyl-boned-bodysuit",,,,,,,,,,,,,,,,,,,,,,,,"https://cdn.shopify.com/s/files/1/0537/8893/4339/files/Vinyl-Boned-Bodysuit-Leg-Avenue-28615634.jpg?v=1701664938",10,,,,,,
"vinyl-boned-bodysuit",,,,,,,,,,,,,,,,,,,,,,,,"https://cdn.shopify.com/s/files/1/0537/8893/4339/files/Vinyl-Boned-Bodysuit-Leg-Avenue-28615769.jpg?v=1701664938",11,,,,,,
"vinyl-boned-bodysuit",,,,,,,,,,,,,,,,,,,,,,,,"https://cdn.shopify.com/s/files/1/0537/8893/4339/files/Vinyl-Boned-Bodysuit-Leg-Avenue-28615866.jpg?v=1701664938",12,,,,,,
"vinyl-boned-bodysuit",,,,,,,,,,,,,,,,,,,,,,,,"https://cdn.shopify.com/s/files/1/0537/8893/4339/files/Vinyl-Boned-Bodysuit-Leg-Avenue-28615956.jpg?v=1701664938",13,,,,,,
"vinyl-boned-bodysuit",,,,,,,,,,,,,,,,,,,,,,,,"https://cdn.shopify.com/s/files/1/0537/8893/4339/files/Vinyl-Boned-Bodysuit-Leg-Avenue-28616019.jpg?v=1701664938",14,,,,,,
"vinyl-boned-bodysuit",,,,,,,,,,,,,,,,,,,,,,,,"https://cdn.shopify.com/s/files/1/0537/8893/4339/files/Vinyl-Boned-Bodysuit-Leg-Avenue-28616141.jpg?v=1701664938",15,,,,,,
"vinyl-boned-bodysuit",,,,,,,,,,,,,,,,,,,,,,,,"https://cdn.shopify.com/s/files/1/0537/8893/4339/files/Vinyl-Boned-Bodysuit-Leg-Avenue-28616294.jpg?v=1701664938",16,,,,,,
"vinyl-boned-bodysuit",,,,,,,,,,,,,,,,,,,,,,,,"https://cdn.shopify.com/s/files/1/0537/8893/4339/files/Vinyl-Boned-Bodysuit-Leg-Avenue-28616342.jpg?v=1701664938",17,,,,,,
"vinyl-boned-bodysuit",,,,,,,,,,,,,,,,,,,,,,,,"https://cdn.shopify.com/s/files/1/0537/8893/4339/files/Vinyl-Boned-Bodysuit-Leg-Avenue-28616473.jpg?v=1701664938",18,,,,,,
"vinyl-boned-bodysuit",,,,,,,,,,,,,,,,,,,,,,,,"https://cdn.shopify.com/s/files/1/0537/8893/4339/files/Vinyl-Boned-Bodysuit-Leg-Avenue-28616572.jpg?v=1701593693",19,,,,,,
"love-me-right-crop-top-set","Seamless Heart Net","<p>Set things in motion with this ultra-flirty top and skirt lingerie set by Capricho Adult Store. Featuring a sexy off-the-shoulder heart net crop top with a chiffon ruffle accent, a mini skirt, and matching thong pants, this hot lingerie look takes romance to the next level.</p>
<ul>
<li>Package includes: crop top, skirt, and pants</li>
<li>Sexy lingerie set</li>
<li>Stretchy, breathable, see-through lingerie fabric</li>
<li>Sweetheart net</li>
<li>Off-the-shoulder top</li>
<li>Mini skirt</li>
<li>Matching g-string</li>
<li>Hand wash cold, Do not bleach, and drip dry</li>
<li>Final sale</li>
</ul>","Capricho Adult Store","","badge_new,Black,Exotic,Lingerie,Lingerie Sets,lingeriechart,New Arrivals,One Size,Red,Valentines","2024-03-27T06:49:18-05:00","Color","Black","Size","One Size",,,"LA-86138BLKOS",68,,,"deny","manual","31.99","63.99",,false,,"https://cdn.shopify.com/s/files/1/0537/8893/4339/files/Love-Me-Right-Crop-Top-Set-Leg-Avenue-27351184.jpg?v=1698726152",1,,,"https://cdn.shopify.com/s/files/1/0537/8893/4339/files/Love-Me-Right-Crop-Top-Set-Leg-Avenue-27351270.jpg?v=1698726155",,,
"love-me-right-crop-top-set",,,,,,,"Color","Red","Size","One Size",,,"LA-86138REDOS",68,,,"deny","manual","31.99","63.99",,false,,"https://cdn.shopify.com/s/files/1/0537/8893/4339/files/Love-Me-Right-Crop-Top-Set-Leg-Avenue-27351270.jpg?v=1698726155",2,,,"https://cdn.shopify.com/s/files/1/0537/8893/4339/files/Love-Me-Right-Crop-Top-Set-Leg-Avenue-27351184.jpg?v=1698726152",,,
"love-me-right-crop-top-set",,,,,,,,,,,,,,,,,,,,,,,,"https://cdn.shopify.com/s/files/1/0537/8893/4339/files/Love-Me-Right-Crop-Top-Set-Leg-Avenue-27351342.jpg?v=1698726159",3,,,,,,
"love-me-right-crop-top-set",,,,,,,,,,,,,,,,,,,,,,,,"https://cdn.shopify.com/s/files/1/0537/8893/4339/files/Love-Me-Right-Crop-Top-Set-Leg-Avenue-27351457.jpg?v=1698726162",4,,,,,,
"love-me-right-crop-top-set",,,,,,,,,,,,,,,,,,,,,,,,"https://cdn.shopify.com/s/files/1/0537/8893/4339/files/Love-Me-Right-Crop-Top-Set-Leg-Avenue-27351583.jpg?v=1698726165",5,,,,,,
"love-me-right-crop-top-set",,,,,,,,,,,,,,,,,,,,,,,,"https://cdn.shopify.com/s/files/1/0537/8893/4339/files/Love-Me-Right-Crop-Top-Set-Leg-Avenue-27351647.jpg?v=1698726168",6,,,,,,
"love-me-right-crop-top-set",,,,,,,,,,,,,,,,,,,,,,,,"https://cdn.shopify.com/s/files/1/0537/8893/4339/files/Love-Me-Right-Crop-Top-Set-Leg-Avenue-27351716.jpg?v=1698726171",7,,,,,,
"love-me-right-crop-top-set",,,,,,,,,,,,,,,,,,,,,,,,"https://cdn.shopify.com/s/files/1/0537/8893/4339/files/Love-Me-Right-Crop-Top-Set-Leg-Avenue-27351864.jpg?v=1698726175",8,,,,,,
"love-me-right-crop-top-set",,,,,,,,,,,,,,,,,,,,,,,,"https://cdn.shopify.com/s/files/1/0537/8893/4339/files/Love-Me-Right-Crop-Top-Set-Leg-Avenue-27351987.jpg?v=1698726177",9,,,,,,
"love-me-right-crop-top-set",,,,,,,,,,,,,,,,,,,,,,,,"https://cdn.shopify.com/s/files/1/0537/8893/4339/files/Love-Me-Right-Crop-Top-Set-Leg-Avenue-27352024.jpg?v=1698726180",10,,,,,,
"stay-awhile-crop-top-and-crotchless-panty-set","Crop Top and Crotchless Panty Set","<p>Unleash your curves with confidence in this daring lingerie crop top and crotchless panty set by Leg Avenue! Be bold and seductive with a lace crop top boasting a fishnet deep-v and sultry racerback, paired with a high-waisted garter panty and attached fishnet stockings.</p>
<ul>
<li>Package includes: crop top, pants with attached stockings</li>
<li>Sexy lingerie set</li>
<li>Stretchy, breathable, see-through lingerie fabric</li>
<li>Gorgeous scalloped lace design</li>
<li>Strappy back lace crop top</li>
<li>Crotchless panties</li>
<li>Attached stockings</li>
<li>Hand wash cold, Do not bleach, and drip dry</li>
<li>Final sale</li>
</ul>","Capricho Adult Store","","Black,Bodystockings,Lingerie,Lingerie Sets,lingeriechart,One Size,Valentines","2024-03-27T06:49:16-05:00","Title","Default Title",,,,,"LA-89302BLKOS",91,,,"deny","manual","25.99","52.99",,false,,"https://cdn.shopify.com/s/files/1/0537/8893/4339/files/9LOQbsMA1FKfpUGqh5hfxqGmyPToGrVd.jpg?v=1709096661",1,,,,,,
"stay-awhile-crop-top-and-crotchless-panty-set",,,,,,,,,,,,,,,,,,,,,,,,"https://cdn.shopify.com/s/files/1/0537/8893/4339/files/PdcG0rDUQsR7COqSF6Rgo9DYzv9nHr9o.jpg?v=1709096661",2,,,,,,
"stay-awhile-crop-top-and-crotchless-panty-set",,,,,,,,,,,,,,,,,,,,,,,,"https://cdn.shopify.com/s/files/1/0537/8893/4339/files/YtK7FuRJ6W0ZyIliKSdso2lU6XjsJUSO.jpg?v=1709096661",3,,,,,,
"stay-awhile-crop-top-and-crotchless-panty-set",,,,,,,,,,,,,,,,,,,,,,,,"https://cdn.shopify.com/s/files/1/0537/8893/4339/files/89XNSBcvxvz6rCcr24OiDeX4lc1sNaRD.jpg?v=1709096661",4,,,,,,
"fishnet-rhinestone-bodysuit","Fishnet Rhinestone Bodysuit","<p>Be the center of attention in the Capricho Adult Store <strong>Fishnet Rhinestone Bodysuit</strong>. Daring and versatile, this all-in-one lingerie piece is adorned with rhinestones and features long sleeves, a snap crotch, and comfortable stretchy fishnet fabric. Whether you wear it under a blazer or as part of a festival outfit, this bodysuit is sure to surprise and entice your partner.</p>
<ul>
<li>Package includes: fishnet bodysuit</li>
<li>Comfortable, stretchy fishnet fabric</li>
<li>Hand laid rhinestones</li>
<li>Long sleeve</li>
<li>Snap crotch</li>
<li>Perfect for layering</li>
<li>Complete your look with Leg Avenue<span> </span><strong>thigh-high stockings</strong>
</li>
<li>Hand wash cold, Do not bleach, and drip dry</li>
<li>Final sale</li>
</ul>","Capricho Adult Store","","","2024-03-27T06:49:11-05:00","Color","Black","Size","One Size",,,"LA-89231",113,,,"deny","manual","34.99","70.99",,false,,"https://cdn.shopify.com/s/files/1/0537/8893/4339/files/Fishnet-Rhinestone-Bodysuit-Capricho-Adult-Store-36894090.jpg?v=1709088259",1,,,"https://cdn.shopify.com/s/files/1/0537/8893/4339/files/Fishnet-Rhinestone-Bodysuit-Capricho-Adult-Store-36894576.jpg?v=1709088274",,,
"fishnet-rhinestone-bodysuit",,,,,,,"Color","Red","Size","One Size",,,"LA-89231RD",113,,,"deny","manual","34.99","70.99",,false,,"https://cdn.shopify.com/s/files/1/0537/8893/4339/files/Fishnet-Rhinestone-Bodysuit-Capricho-Adult-Store-36894187.jpg?v=1709088262",2,,,"https://cdn.shopify.com/s/files/1/0537/8893/4339/files/Fishnet-Rhinestone-Bodysuit-Capricho-Adult-Store-36894187.jpg?v=1709088262",,,
"fishnet-rhinestone-bodysuit",,,,,,,"Color","Nude","Size","One Size",,,"LA-89231ND",113,,,"deny","manual","34.99","70.99",,false,,"https://cdn.shopify.com/s/files/1/0537/8893/4339/files/Fishnet-Rhinestone-Bodysuit-Capricho-Adult-Store-36894275.jpg?v=1709088265",3,,,"https://cdn.shopify.com/s/files/1/0537/8893/4339/files/Fishnet-Rhinestone-Bodysuit-Capricho-Adult-Store-36894354.jpg?v=1709088268",,,
"fishnet-rhinestone-bodysuit",,,,,,,"Color","Royal Blue","Size","One Size",,,"LA-89231RYLBLU",113,,,"deny","manual","34.99","70.99",,false,,"https://cdn.shopify.com/s/files/1/0537/8893/4339/files/Fishnet-Rhinestone-Bodysuit-Capricho-Adult-Store-36894354.jpg?v=1709088268",4,,,"https://cdn.shopify.com/s/files/1/0537/8893/4339/files/Fishnet-Rhinestone-Bodysuit-Capricho-Adult-Store-36894275.jpg?v=1709088265",,,
"fishnet-rhinestone-bodysuit",,,,,,,"Color","Neon Pink","Size","One Size",,,"LA-89231NPNKOS",91,,,"deny","manual","34.99","70.99",,false,,"https://cdn.shopify.com/s/files/1/0537/8893/4339/files/Fishnet-Rhinestone-Bodysuit-Capricho-Adult-Store-36894428.jpg?v=1709088271",5,,,"https://cdn.shopify.com/s/files/1/0537/8893/4339/files/Fishnet-Rhinestone-Bodysuit-Capricho-Adult-Store-36894428.jpg?v=1709088271",,,
"fishnet-rhinestone-bodysuit",,,,,,,"Color","Neon Green","Size","One Size",,,"LA-89231NGRNOS",91,,,"deny","manual","34.99","70.99",,false,,"https://cdn.shopify.com/s/files/1/0537/8893/4339/files/Fishnet-Rhinestone-Bodysuit-Capricho-Adult-Store-36894576.jpg?v=1709088274",6,,,"https://cdn.shopify.com/s/files/1/0537/8893/4339/files/Fishnet-Rhinestone-Bodysuit-Capricho-Adult-Store-36894090.jpg?v=1709088259",,,
"fishnet-rhinestone-bodysuit",,,,,,,"Color","Burgundy","Size","One Size",,,"LA-89231BUR",113,,,"deny","manual","34.99","70.99",,false,,"https://cdn.shopify.com/s/files/1/0537/8893/4339/files/Fishnet-Rhinestone-Bodysuit-Capricho-Adult-Store-36894651.jpg?v=1709088278",7,,,"https://cdn.shopify.com/s/files/1/0537/8893/4339/files/Fishnet-Rhinestone-Bodysuit-Capricho-Adult-Store-36894651.jpg?v=1709088278",,,
"fishnet-rhinestone-bodysuit",,,,,,,,,,,,,,,,,,,,,,,,"https://cdn.shopify.com/s/files/1/0537/8893/4339/files/Fishnet-Rhinestone-Bodysuit-Capricho-Adult-Store-36894771.jpg?v=1709088280",8,,,,,,
"fishnet-rhinestone-bodysuit",,,,,,,,,,,,,,,,,,,,,,,,"https://cdn.shopify.com/s/files/1/0537/8893/4339/files/Fishnet-Rhinestone-Bodysuit-Capricho-Adult-Store-36894821.jpg?v=1709088283",9,,,,,,
"fishnet-rhinestone-bodysuit",,,,,,,,,,,,,,,,,,,,,,,,"https://cdn.shopify.com/s/files/1/0537/8893/4339/files/Fishnet-Rhinestone-Bodysuit-Capricho-Adult-Store-36894969.jpg?v=1709088287",10,,,,,,
"fishnet-rhinestone-bodysuit",,,,,,,,,,,,,,,,,,,,,,,,"https://cdn.shopify.com/s/files/1/0537/8893/4339/files/Fishnet-Rhinestone-Bodysuit-Capricho-Adult-Store-36895076.jpg?v=1709088290",11,,,,,,
"fishnet-rhinestone-bodysuit",,,,,,,,,,,,,,,,,,,,,,,,"https://cdn.shopify.com/s/files/1/0537/8893/4339/files/Fishnet-Rhinestone-Bodysuit-Capricho-Adult-Store-36895194.jpg?v=1709088293",12,,,,,,
"fishnet-rhinestone-bodysuit",,,,,,,,,,,,,,,,,,,,,,,,"https://cdn.shopify.com/s/files/1/0537/8893/4339/files/Fishnet-Rhinestone-Bodysuit-Capricho-Adult-Store-36895266.jpg?v=1709088296",13,,,,,,
"fishnet-rhinestone-bodysuit",,,,,,,,,,,,,,,,,,,,,,,,"https://cdn.shopify.com/s/files/1/0537/8893/4339/files/Fishnet-Rhinestone-Bodysuit-Capricho-Adult-Store-36895350.jpg?v=1709088298",14,,,,,,
"fishnet-rhinestone-bodysuit",,,,,,,,,,,,,,,,,,,,,,,,"https://cdn.shopify.com/s/files/1/0537/8893/4339/files/Fishnet-Rhinestone-Bodysuit-Capricho-Adult-Store-36895431.jpg?v=1709088302",15,,,,,,
"fishnet-rhinestone-bodysuit",,,,,,,,,,,,,,,,,,,,,,,,"https://cdn.shopify.com/s/files/1/0537/8893/4339/files/Fishnet-Rhinestone-Bodysuit-Capricho-Adult-Store-36895564.jpg?v=1709088305",16,,,,,,
"rainbow-striped-bodysuit","Rainbow Striped Bodysuit","<p>Ready to turn up the vibrant vibes? This rainbow-striped bodysuit from Capricho Adult Store will boldly boost your look with a solid neon trim, racer top, and full back. Perfect for raves or festivals, rock it solo or add leg wraps and adhesive body jewels (sold separately) for an even more daring outfit!</p>
<ul>
<li>Package includes: bodysuit</li>
<li>
<strong>Sexy lingerie</strong><span> </span>bodysuits</li>
<li>Stretchy, breathable net fabric</li>
<li>Vivid, no-fade neon colors</li>
<li>Racer cut</li>
<li>Bikini bottom</li>
<li>Perfect for layering</li>
<li>Hand wash cold, Do not bleach, and drip dry</li>
<li>Final sale</li>
</ul>","Capricho Adult Store","","","2024-03-27T06:49:08-05:00","Title","Default Title",,,,,"LA-81556MULTOS",68,,,"deny","manual","25.99","52.99",,false,,"https://cdn.shopify.com/s/files/1/0537/8893/4339/files/Rainbow-Striped-Bodysuit-Capricho-Adult-Store-36895631.jpg?v=1709088308",1,,,,,,
"rainbow-striped-bodysuit",,,,,,,,,,,,,,,,,,,,,,,,"https://cdn.shopify.com/s/files/1/0537/8893/4339/files/Rainbow-Striped-Bodysuit-Capricho-Adult-Store-36895720.jpg?v=1709088311",2,,,,,,
"rainbow-striped-bodysuit",,,,,,,,,,,,,,,,,,,,,,,,"https://cdn.shopify.com/s/files/1/0537/8893/4339/files/Rainbow-Striped-Bodysuit-Capricho-Adult-Store-36895852.jpg?v=1709088314",3,,,,,,
"fall4-u-rhinestone-lace-teddy","Rhinestone Lace Teddy","<p>Take your evening to the next level with this alluring Fall 4U Rhinestone Lace Teddy from Capricho Adult Store. The rhinestone net and lace detailing, along with the off-the-shoulder design, make this lingerie a must-have. Not only does it leave a lasting impression in the bedroom, but it also doubles as a versatile bodysuit that can be dressed up or down for any occasion.</p>
<ul>
<li>Package includes: teddy</li>
<li>Sexy bodysuit lingerie</li>
<li>Stretchy, breathable, see-through lingerie fabric</li>
<li>Curve-hugging fishnet and lace</li>
<li>Hand-laid rhinestones</li>
<li>Off-the-shoulder design</li>
<li>Cheeky thong bottom</li>
<li>Hand wash cold, Do not bleach, and drip dry</li>
<li>Final sale</li>
</ul>","Capricho Adult Store","","","2024-03-27T06:49:05-05:00","Color","Black",,,,,"LA-89317BLKOS",113,,,"deny","manual","32.99","65.99",,false,,"https://cdn.shopify.com/s/files/1/0537/8893/4339/files/Fall4-U-Rhinestone-Lace-Teddy-Capricho-Adult-Store-36896454.jpg?v=1709088735",1,,,"https://cdn.shopify.com/s/files/1/0537/8893/4339/files/Fall4-U-Rhinestone-Lace-Teddy-Capricho-Adult-Store-36896887.jpg?v=1709088735",,,
"fall4-u-rhinestone-lace-teddy",,,,,,,"Color","White",,,,,"LA-89317WHTOS",113,,,"deny","manual","32.99","65.99",,false,,"https://cdn.shopify.com/s/files/1/0537/8893/4339/files/Fall4-U-Rhinestone-Lace-Teddy-Capricho-Adult-Store-36896887.jpg?v=1709088735",2,,,"https://cdn.shopify.com/s/files/1/0537/8893/4339/files/Fall4-U-Rhinestone-Lace-Teddy-Capricho-Adult-Store-36896454.jpg?v=1709088735",,,
"fall4-u-rhinestone-lace-teddy",,,,,,,,,,,,,,,,,,,,,,,,"https://cdn.shopify.com/s/files/1/0537/8893/4339/files/Fall4-U-Rhinestone-Lace-Teddy-Capricho-Adult-Store-36895953.jpg?v=1709088735",3,,,,,,
"fall4-u-rhinestone-lace-teddy",,,,,,,,,,,,,,,,,,,,,,,,"https://cdn.shopify.com/s/files/1/0537/8893/4339/files/Fall4-U-Rhinestone-Lace-Teddy-Capricho-Adult-Store-36896542.jpg?v=1709088735",4,,,,,,
"fall4-u-rhinestone-lace-teddy",,,,,,,,,,,,,,,,,,,,,,,,"https://cdn.shopify.com/s/files/1/0537/8893/4339/files/Fall4-U-Rhinestone-Lace-Teddy-Capricho-Adult-Store-36896098.jpg?v=1709088735",5,,,,,,
"fall4-u-rhinestone-lace-teddy",,,,,,,,,,,,,,,,,,,,,,,,"https://cdn.shopify.com/s/files/1/0537/8893/4339/files/Fall4-U-Rhinestone-Lace-Teddy-Capricho-Adult-Store-36896611.jpg?v=1709088735",6,,,,,,
"fall4-u-rhinestone-lace-teddy",,,,,,,,,,,,,,,,,,,,,,,,"https://cdn.shopify.com/s/files/1/0537/8893/4339/files/Fall4-U-Rhinestone-Lace-Teddy-Capricho-Adult-Store-36896171.jpg?v=1709088735",7,,,,,,
"fall4-u-rhinestone-lace-teddy",,,,,,,,,,,,,,,,,,,,,,,,"https://cdn.shopify.com/s/files/1/0537/8893/4339/files/Fall4-U-Rhinestone-Lace-Teddy-Capricho-Adult-Store-36896729.jpg?v=1709088735",8,,,,,,
"fall4-u-rhinestone-lace-teddy",,,,,,,,,,,,,,,,,,,,,,,,"https://cdn.shopify.com/s/files/1/0537/8893/4339/files/Fall4-U-Rhinestone-Lace-Teddy-Capricho-Adult-Store-36896220.jpg?v=1709088735",9,,,,,,
"fall4-u-rhinestone-lace-teddy",,,,,,,,,,,,,,,,,,,,,,,,"https://cdn.shopify.com/s/files/1/0537/8893/4339/files/Fall4-U-Rhinestone-Lace-Teddy-Capricho-Adult-Store-36896313.jpg?v=1709088735",10,,,,,,
"shimmering-rhinestone-dress","Shimmering Rhinestone Dress","<p>Indulge your figure in this incredibly flattering, shimmering rhinestone dress from the Capricho Adult Store. Boasting a plunging halter neckline with a keyhole accent, a flirty open back with adjustable tie closure, and adorned with hand-placed rhinestones for added flair, this captivating lingerie ensemble will command attention. Thong is not included.</p>
<ul>
<li>Package includes: mini dress</li>
<li>Sexy lingerie dress</li>
<li>Stretchy, breathable, see-through lingerie fabric</li>
<li>Curve-hugging shimmer lurex</li>
<li>Hand-laid rhinestones</li>
<li>Plunging halter neckline</li>
<li>Open back</li>
<li>Hand wash cold, Do not bleach, and drip dry</li>
<li>Final sale</li>
</ul>","Capricho Adult Store","","","2024-03-27T06:48:57-05:00","Title","Default Title",,,,,"LA-87203BLKOS",91,,,"deny","manual","34.99","70.99",,false,,"https://cdn.shopify.com/s/files/1/0537/8893/4339/files/Shimmering-Rhinestone-Dress-Capricho-Adult-Store-36896943.jpg?v=1709089258",1,,,,,,
"shimmering-rhinestone-dress",,,,,,,,,,,,,,,,,,,,,,,,"https://cdn.shopify.com/s/files/1/0537/8893/4339/files/Shimmering-Rhinestone-Dress-Capricho-Adult-Store-36897035.jpg?v=1709089260",2,,,,,,
"shimmering-rhinestone-dress",,,,,,,,,,,,,,,,,,,,,,,,"https://cdn.shopify.com/s/files/1/0537/8893/4339/files/Shimmering-Rhinestone-Dress-Capricho-Adult-Store-36897146.jpg?v=1709089264",3,,,,,,
"shimmering-rhinestone-dress",,,,,,,,,,,,,,,,,,,,,,,,"https://cdn.shopify.com/s/files/1/0537/8893/4339/files/Shimmering-Rhinestone-Dress-Capricho-Adult-Store-36897227.jpg?v=1709089267",4,,,,,,
"seamless-love-heart-net-dress","Seamless Love Heart Net Dress","<p>Embrace the heart-racing allure of this Seamless Love Heart Net Dress by Capricho Adult Store! With a seductive off-the-shoulder cut, heart net fabric that accentuates your every curve, and a keyhole tie front to add a daring touch, this dress is perfect for those who love to take risks. Don't limit yourself to just the bedroom, as this versatile piece can also be worn as a flirty swimsuit coverup by the pool. (Thong panty not included.) </p>
<ul>
<li>Package includes: mini dress</li>
<li>Sexy lingerie dress</li>
<li>Stretchy, breathable see-through lingerie fabric</li>
<li>Sweetheart net</li>
<li>Keyhole tie top</li>
<li>Pair with stockings for an unforgettable look</li>
<li>Thong panty not included</li>
<li>Hand wash cold, Do not bleach, Drip dry</li>
<li>Final sale</li>
</ul>","Capricho Adult Store","","","2024-03-27T06:48:55-05:00","Title","Default Title",,,,,"LA-86137BLKOS",68,,,"deny","manual","32.99","65.99",,false,,"https://cdn.shopify.com/s/files/1/0537/8893/4339/files/Seamless-Love-Heart-Net-Dress-Capricho-Adult-Store-36897399.jpg?v=1709089661",1,,,,,,
"seamless-love-heart-net-dress",,,,,,,,,,,,,,,,,,,,,,,,"https://cdn.shopify.com/s/files/1/0537/8893/4339/files/Seamless-Love-Heart-Net-Dress-Capricho-Adult-Store-36897470.jpg?v=1709089664",2,,,,,,
"seamless-love-heart-net-dress",,,,,,,,,,,,,,,,,,,,,,,,"https://cdn.shopify.com/s/files/1/0537/8893/4339/files/Seamless-Love-Heart-Net-Dress-Capricho-Adult-Store-36897511.jpg?v=1709089667",3,,,,,,
"seamless-love-heart-net-dress",,,,,,,,,,,,,,,,,,,,,,,,"https://cdn.shopify.com/s/files/1/0537/8893/4339/files/Seamless-Love-Heart-Net-Dress-Capricho-Adult-Store-36897673.jpg?v=1709089670",4,,,,,,
"seamless-love-heart-net-dress",,,,,,,,,,,,,,,,,,,,,,,,"https://cdn.shopify.com/s/files/1/0537/8893/4339/files/Seamless-Love-Heart-Net-Dress-Capricho-Adult-Store-36897759.jpg?v=1709089674",5,,,,,,
"deep-v-lace-bodysuit","Deep-V Lace Bodysuit","<span>You'll look positively irresistible in this gorgeous lingerie bodysuit by Capricho Adult Store. Featuring a deep-v cut-out, shredded sides, and sultry bare back, this sexy bodysuit will hug your every curve while the lace and net accents add the perfect flirty touch.</span><br><br><span>• Package includes: bodysuit</span><br><span>• Sexy lingerie bodysuit</span><br><span>• Stretchy, breathable see-through lingerie fabric</span><br><span>• Daring strappy deep-V</span><br><span>• Shredded sides</span><br><span>• Sultry bare back</span><br><span>• Vibrant no-fade colors</span><br><span>• Material: 94% nylon, 6% spandex</span><br><span>• One size fits most 90-165 lbs</span><br><span>• Packaging: boxed item</span>","Capricho Adult Store","","","2024-03-27T06:48:51-05:00","Title","Default Title",,,,,"LA-89295BLKOS",45,,,"deny","manual","26.99","53.99",,false,,"https://cdn.shopify.com/s/files/1/0537/8893/4339/files/Deep-V-Lace-Bodysuit-Capricho-Adult-Store-36897877.jpg?v=1709090117",1,,,,,,
"deep-v-lace-bodysuit",,,,,,,,,,,,,,,,,,,,,,,,"https://cdn.shopify.com/s/files/1/0537/8893/4339/files/Deep-V-Lace-Bodysuit-Capricho-Adult-Store-36897949.jpg?v=1709090120",2,,,,,,
"deep-v-lace-bodysuit",,,,,,,,,,,,,,,,,,,,,,,,"https://cdn.shopify.com/s/files/1/0537/8893/4339/files/Deep-V-Lace-Bodysuit-Capricho-Adult-Store-36898029.jpg?v=1709090122",3,,,,,,
"sexy-mini-dress-and-glove-set","Sexy Mini Dress and Glove Set","<p>Elevate your seductive game with this sizzling lingerie lace mini dress and glove set by Capricho Adult Store. Showcasing net panel cut-outs and a simulated panty design, this dress leaves them craving more. Thongs are not included!</p>
<ul>
<li>Package includes: lace dress, gloves</li>
<li>Sexy lingerie set</li>
<li>Stretchy, breathable, see-through lingerie fabric</li>
<li>Daring deep-V strappy front</li>
<li>Racer back</li>
<li>Matching gloves</li>
<li>Thong pants are not included</li>
<li>Hand wash cold, Do not bleach, and drip dry</li>
<li>Final sale</li>
</ul>","Capricho Adult Store","","","2024-03-27T06:48:48-05:00","Title","Default Title",,,,,"LA-86129BLKOS",91,,,"deny","manual","29.99","59.99",,false,,"https://cdn.shopify.com/s/files/1/0537/8893/4339/files/Sexy-Mini-Dress-and-Glove-Set-Capricho-Adult-Store-36898163.jpg?v=1709090556",1,,,,,,
"sexy-mini-dress-and-glove-set",,,,,,,,,,,,,,,,,,,,,,,,"https://cdn.shopify.com/s/files/1/0537/8893/4339/files/Sexy-Mini-Dress-and-Glove-Set-Capricho-Adult-Store-36898246.jpg?v=1709090558",2,,,,,,
"sexy-mini-dress-and-glove-set",,,,,,,,,,,,,,,,,,,,,,,,"https://cdn.shopify.com/s/files/1/0537/8893/4339/files/Sexy-Mini-Dress-and-Glove-Set-Capricho-Adult-Store-36898388.jpg?v=1709090562",3,,,,,,
"sexy-mini-dress-and-glove-set",,,,,,,,,,,,,,,,,,,,,,,,"https://cdn.shopify.com/s/files/1/0537/8893/4339/files/Sexy-Mini-Dress-and-Glove-Set-Capricho-Adult-Store-36898446.jpg?v=1709090565",4,,,,,,
"sexy-mini-dress-and-glove-set",,,,,,,,,,,,,,,,,,,,,,,,"https://cdn.shopify.com/s/files/1/0537/8893/4339/files/Sexy-Mini-Dress-and-Glove-Set-Capricho-Adult-Store-36898580.jpg?v=1709090568",5,,,,,,
"suspender-bodystocking-and-teddy-set","Suspender Bodystocking and Teddy Set","<p>Unleash your daring side and ignite the night with Capricho Adult Store's seductive 2-piece lingerie set. This electrifying ensemble includes a halter suspender, fishnet bodystocking and opaque cut-out teddy, creating a bold and adventurous look for raves, clubs, or intimate moments. Are you ready to make a statement?!</p>
<ul>
<li>Package includes: bodystocking and bodysuit</li>
<li>Sexy lingerie set</li>
<li>Stretchy, comfortable fabric</li>
<li>Fishnet lingerie bodystocking</li>
<li>Layered, opaque bodysuit</li>
<li>Designed to be worn together or alone</li>
<li>Pair with rave clothing, festival outfits, or club looks</li>
<li>Hand wash cold, Do not bleach, and drip dry</li>
<li>Final sale</li>
</ul>","Capricho Adult Store","","","2024-03-27T06:48:45-05:00","Title","Default Title",,,,,"LA-89321BLKOS",113,,,"deny","manual","30.99","61.99",,false,,"https://cdn.shopify.com/s/files/1/0537/8893/4339/files/Suspender-Bodystocking-and-Teddy-Set-Capricho-Adult-Store-36898663.jpg?v=1709091405",1,,,,,,
"suspender-bodystocking-and-teddy-set",,,,,,,,,,,,,,,,,,,,,,,,"https://cdn.shopify.com/s/files/1/0537/8893/4339/files/Suspender-Bodystocking-and-Teddy-Set-Capricho-Adult-Store-36898735.jpg?v=1709091408",2,,,,,,
"suspender-bodystocking-and-teddy-set",,,,,,,,,,,,,,,,,,,,,,,,"https://cdn.shopify.com/s/files/1/0537/8893/4339/files/oLu0wbCqRrPoAwA8TSxjmim4h7gdKXTD.jpg?v=1709091392",3,,,,,,
"suspender-bodystocking-and-teddy-set",,,,,,,,,,,,,,,,,,,,,,,,"https://cdn.shopify.com/s/files/1/0537/8893/4339/files/z4JK2mFVAOUDYV4Ilqmd9oXSDC1x0dnU.jpg?v=1709091392",4,,,,,,
"suspender-bodystocking-and-teddy-set",,,,,,,,,,,,,,,,,,,,,,,,"https://cdn.shopify.com/s/files/1/0537/8893/4339/files/D8IGhBUqEVVFrDcSUcGDvzC86LATlNlv.jpg?v=1709091390",5,,,,,,
"suspender-bodystocking-and-teddy-set",,,,,,,,,,,,,,,,,,,,,,,,"https://cdn.shopify.com/s/files/1/0537/8893/4339/files/f766S5AI60rwRTgkruSKz4jSar6yn4Oh.jpg?v=1709091391",6,,,,,,
"suspender-bodystocking-and-teddy-set",,,,,,,,,,,,,,,,,,,,,,,,"https://cdn.shopify.com/s/files/1/0537/8893/4339/files/szIhuXykEykmXG65FND3NQqHsMqbXPkI.jpg?v=1709091392",7,,,,,,
"crop-top-and-garter-stockings-set","Crop Top and Garter Stockings Set","<p>We dare you to find a<span> </span><strong>lingerie set</strong><span> </span>more versatile than this crop top, gloves, and<span> </span><strong>stockings</strong><span> </span>set by Leg Avenue. Multi-functional and oh-so sexy, the wide fishnet crop top and garter stockings are the perfect layering pieces and when combined with the gloves, you've got a hot lingerie look that's simply irresistible. Thong panties not included.</p>
<ul>
<li>Package includes: fishnet top, stockings, gloves</li>
<li>Sexy lingerie set</li>
<li>Stretchy, breathable, see-through lingerie fabric</li>
<li>Wide fishnet for versatile styling options</li>
<li>Matching gloves</li>
<li>Versatile for club looks and festival clothing</li>
<li>Thong panty not included</li>
<li>Hand wash cold, Do not bleach, and drip dry</li>
<li>Final sale</li>
</ul>","Capricho Adult Store","","","2024-03-27T06:48:42-05:00","Title","Default Title",,,,,"LA-89301BLKOS",91,,,"deny","manual","29.99","60.99",,false,,"https://cdn.shopify.com/s/files/1/0537/8893/4339/files/Lt6nuQhYlyV0BN4RLZvDW0bIbB69zy1o.jpg?v=1709091731",1,,,,,,
"crop-top-and-garter-stockings-set",,,,,,,,,,,,,,,,,,,,,,,,"https://cdn.shopify.com/s/files/1/0537/8893/4339/files/jZ2uZsKEmVT3P0SIOQZ1XLDj3EfOhm1B.jpg?v=1709091731",2,,,,,,
"crop-top-and-garter-stockings-set",,,,,,,,,,,,,,,,,,,,,,,,"https://cdn.shopify.com/s/files/1/0537/8893/4339/files/H9FPqSNSPRsaWE6sisc2XaEZ0dDFlqTs.jpg?v=1709091730",3,,,,,,
"crop-top-and-garter-stockings-set",,,,,,,,,,,,,,,,,,,,,,,,"https://cdn.shopify.com/s/files/1/0537/8893/4339/files/530YvQzzV9Saiksr7IhcI8PDppdQ14YO.jpg?v=1709091732",4,,,,,,
"crop-top-and-garter-stockings-set",,,,,,,,,,,,,,,,,,,,,,,,"https://cdn.shopify.com/s/files/1/0537/8893/4339/files/2Zx4qmaKk50SQUKoxewLkEvCiHpDsVXL.jpg?v=1709091732",5,,,,,,
"crop-top-and-garter-stockings-set",,,,,,,,,,,,,,,,,,,,,,,,"https://cdn.shopify.com/s/files/1/0537/8893/4339/files/XbZYBBjgUKfwnuoixSm2UxMphFaJ5YmC.jpg?v=1709091733",6,,,,,,
"love-heart-net-bodystocking","Love Heart Net Bodystocking","<p>Get adventurous with the Love Heart Net Bodystocking by Capricho Adult Store! This bold bodysuit features a heart net design, a faux lace-up center, and a garter belt illusion. Don't miss out on this daringly sexy lingerie look!</p>
<ul>
<li>Package includes: bodystocking</li>
<li>Sexy lingerie bodystocking</li>
<li>Stretchy, breathable, see-through lingerie fabric</li>
<li>Curve-hugging heart net</li>
<li>Cross-over halter neck</li>
<li>Faux lace up crotchless center</li>
<li>Fishnet stockings</li>
<li>Hand wash cold, Do not bleach, and drip dry</li>
<li>Final sale</li>
</ul>","Capricho Adult Store","","","2024-03-27T06:48:36-05:00","Color","Black",,,,,"LA-89320BLKOS",91,,,"deny","manual","29.99","60.99",,false,,"https://cdn.shopify.com/s/files/1/0537/8893/4339/files/89320_001_001.jpg?v=1709092146",1,,,"https://cdn.shopify.com/s/files/1/0537/8893/4339/files/89320_001_001.jpg?v=1709092146",,,
"love-heart-net-bodystocking",,,,,,,"Color","Red",,,,,"LA-89320REDOS",91,,,"deny","manual","29.99","60.99",,false,,"https://cdn.shopify.com/s/files/1/0537/8893/4339/files/89320_001_003_1.jpg?v=1709092147",2,,,"https://cdn.shopify.com/s/files/1/0537/8893/4339/files/89320_001_003_1.jpg?v=1709092147",,,
"love-heart-net-bodystocking",,,,,,,,,,,,,,,,,,,,,,,,"https://cdn.shopify.com/s/files/1/0537/8893/4339/files/89320_002_001_1.jpg?v=1709092146",3,,,,,,
"love-heart-net-bodystocking",,,,,,,,,,,,,,,,,,,,,,,,"https://cdn.shopify.com/s/files/1/0537/8893/4339/files/89320_002_003.jpg?v=1709092149",4,,,,,,
"love-heart-net-bodystocking",,,,,,,,,,,,,,,,,,,,,,,,"https://cdn.shopify.com/s/files/1/0537/8893/4339/files/89320_005_001.jpg?v=1709092148",5,,,,,,
"love-heart-net-bodystocking",,,,,,,,,,,,,,,,,,,,,,,,"https://cdn.shopify.com/s/files/1/0537/8893/4339/files/89320_005_003.jpg?v=1709092148",6,,,,,,
"love-heart-net-bodystocking",,,,,,,,,,,,,,,,,,,,,,,,"https://cdn.shopify.com/s/files/1/0537/8893/4339/files/GPgs67mQQGYqagMOcEnkAiFrLHXsOL0D.jpg?v=1709092149",7,,,,,,
"love-heart-net-bodystocking",,,,,,,,,,,,,,,,,,,,,,,,"https://cdn.shopify.com/s/files/1/0537/8893/4339/files/MsQ56hWiZZvTPKPAXdvFQ4Y0VwxLzHGb.jpg?v=1709092147",8,,,,,,
"love-heart-net-bodystocking",,,,,,,,,,,,,,,,,,,,,,,,"https://cdn.shopify.com/s/files/1/0537/8893/4339/files/wiSY5vMLW21Gw05Y09NAUbVocwyrKhYG.jpg?v=1709092147",9,,,,,,
"love-heart-net-bodystocking",,,,,,,,,,,,,,,,,,,,,,,,"https://cdn.shopify.com/s/files/1/0537/8893/4339/files/Lor6mlq7IHybS8lK5X27JM4pxODo198K.jpg?v=1709092150",10,,,,,,
"seamless-suspender-bodystocking","Seamless Suspender Bodystocking","<p>Unleash your daring side with Capricho Adult Store's seamless industrial net suspender bodystocking! Showcase your finest features with this crotchless lingerie, complete with spaghetti straps and seductive cutouts strategically placed for maximum impact. (Panty not included.)</p>
<ul>
<li>Package includes: bodystocking</li>
<li>Sexy lingerie body-stocking one-piece</li>
<li>Stretchy, breathable net fabric</li>
<li>Spaghetti straps</li>
<li>Hip cut-outs</li>
<li>Cheeky, bare bottom</li>
<li>Open crotch</li>
<li>Hand wash cold, Do not bleach, and drip dry</li>
<li>Final sale</li>
</ul>","Capricho Adult Store","","","2024-03-27T06:48:29-05:00","Title","Default Title",,,,,"RR-7002-BLK",68,,,"deny","manual","24.99","49.99",,false,,"https://cdn.shopify.com/s/files/1/0537/8893/4339/files/Screenshot2024-02-28120333.png?v=1709093217",1,,,,,,
"seamless-suspender-bodystocking",,,,,,,,,,,,,,,,,,,,,,,,"https://cdn.shopify.com/s/files/1/0537/8893/4339/files/89016_002_001.jpg?v=1709093217",2,,,,,,
"seamless-suspender-bodystocking",,,,,,,,,,,,,,,,,,,,,,,,"https://cdn.shopify.com/s/files/1/0537/8893/4339/files/Screenshot2024-02-28120417.png?v=1709093217",3,,,,,,
"seamless-suspender-bodystocking",,,,,,,,,,,,,,,,,,,,,,,,"https://cdn.shopify.com/s/files/1/0537/8893/4339/files/Screenshot2024-02-28120358.png?v=1709093218",4,,,,,,
"seamless-suspender-bodystocking",,,,,,,,,,,,,,,,,,,,,,,,"https://cdn.shopify.com/s/files/1/0537/8893/4339/files/T4ZgEE75zWIX1cmxBmXTJNRNBpqrvNJx.jpg?v=1709093216",5,,,,,,
"seamless-suspender-bodystocking",,,,,,,,,,,,,,,,,,,,,,,,"https://cdn.shopify.com/s/files/1/0537/8893/4339/files/oElngTxDYV0U4JjfBCglB3dR0ZUzzr1E.jpg?v=1709093216",6,,,,,,
"fantasy-x-tension-perfect-2-inch-extension","Fantasy X-Tension Perfect 2-Inch Extension","<p><span data-mce-fragment=""1"">The </span><strong data-mce-fragment=""1"">Perfect 2"" Extension</strong><span data-mce-fragment=""1""> is a customizable extension that can be easily trimmed at the base for a perfect fit. It's super-stretchy to accommodate most sizes and snug enough to help you last longer. Your partner will enjoy deeper penetration with the 2"" extension at the tip, while the ultra-lifelike shaft makes you 33% thicker all around. The soft Fanta Flesh® material feels just like a second skin, giving you the length, girth, and confidence you need to satisfy your lover.</span></p>
<h3><strong>Care Instructions</strong></h3>
<p>Cleanup is a snap after the fun with antibacterial toy cleaner and warm water.</p>
<h3><strong>Features &amp; Benefits:</strong></h3>
<ul class=""specifications"">
<li>2 in. (51 mm) Extension</li>
<li>Adds 33% Girth</li>
<li>Ultra-Lifelike Fanta Flesh®</li>
<li>Trim for Perfect Fit</li>
</ul>
<h3><strong>Specifications:</strong></h3>
<ul>
<li>Color: Beige</li>
<li>Water Resistance Level: Waterproof</li>
<li>Dimensions</li>
<li>(Length, Width, Circumference):8 x 1.75 x 0 in</li>
<li>Weight: 0.5 pounds (8 Ounces)</li>
<li>Product Care Instructions: Hand Wash</li>
</ul>","Capricho Adult Store","","","2024-03-27T06:47:23-05:00","Title","Default Title",,,,,"PD4111-21",227,,,"deny","manual","39.99","80.99",,false,,"https://cdn.shopify.com/s/files/1/0537/8893/4339/files/Fantasy-X-Tension-Perfect-2-Inch-Extension-Capricho-Adult-Store-30209278.jpg?v=1701089637",1,,,,,,
"fantasy-x-tension-perfect-2-inch-extension",,,,,,,,,,,,,,,,,,,,,,,,"https://cdn.shopify.com/s/files/1/0537/8893/4339/files/Fantasy-X-Tension-Perfect-2-Inch-Extension-Capricho-Adult-Store-30209367.jpg?v=1701089641",2,,,,,,
"fantasy-x-tension-perfect-2-inch-extension",,,,,,,,,,,,,,,,,,,,,,,,"https://cdn.shopify.com/s/files/1/0537/8893/4339/files/Fantasy-X-Tension-Perfect-2-Inch-Extension-Capricho-Adult-Store-30209417.jpg?v=1701089643",3,,,,,,
"fantasy-x-tension-perfect-2-inch-extension",,,,,,,,,,,,,,,,,,,,,,,,"https://cdn.shopify.com/s/files/1/0537/8893/4339/files/Fantasy-X-Tension-Perfect-2-Inch-Extension-Capricho-Adult-Store-30209539.jpg?v=1701089646",4,,,,,,
"3-inch-latex-extension-nubby-ivory","3 Inch Latex Extension - Nubby - Ivory","<p><span data-mce-fragment=""1"">Extend your sensual pleasure with the easy-to-use, super-lifelike Latex Extension. The flexible, soft and supple erection extension is designed to maximize arousal and satisfaction. Elevate your intimate playtime fun with the smooth, natural looking head, sensually pleasure-beaded for an intensified orgasmic encounter.</span><br data-mce-fragment=""1""></p>
<p><span>The discreet Latex Extension is made from super stretchy latex for the ultimate snug and comfortable fit. The extension sleeve features a textured exterior finish and a roll down design, for easy application and removal. The extension instantly adds length to your size for an elevated performance every time. For maximum satisfaction, always use a water-based lube with this toy.</span></p>","Capricho Adult Store","","","2024-03-27T06:46:28-05:00","Title","Default Title",,,,,"SE1606002",45,,,"deny","manual","11.99","23.99",,false,,"https://cdn.shopify.com/s/files/1/0537/8893/4339/files/Rn384b2o97zphmDMGaCmNJquEI2hrmkt.jpg?v=1709110876",1,,,,,,
"3-inch-latex-extension-nubby-ivory",,,,,,,,,,,,,,,,,,,,,,,,"https://cdn.shopify.com/s/files/1/0537/8893/4339/files/eobzjLMoR0xs4krl8PBH9qKwAqHbA6ur.jpg?v=1709110880",2,,,,,,
"3-inch-latex-extension-nubby-ivory",,,,,,,,,,,,,,,,,,,,,,,,"https://cdn.shopify.com/s/files/1/0537/8893/4339/files/aunpmmREfJQ7EKAT7DW6QCZg8sc2i87j.jpg?v=1709110880",3,,,,,,
"3-inch-latex-extension-nubby-ivory",,,,,,,,,,,,,,,,,,,,,,,,"https://cdn.shopify.com/s/files/1/0537/8893/4339/files/MkDcg2Ee9yQDfGGlPPQ67W5fxdbMKQcd.jpg?v=1709110880",4,,,,,,
"3-inch-smooth-latex-extension-ivory","3 Inch Smooth Latex Extension","<p><span data-mce-fragment=""1"">Extend your sensual pleasure with the easy-to-use, super-lifelike Latex Extension. The flexible, soft and supple erection extension is designed to maximize arousal and satisfaction. Elevate your intimate playtime fun with the smooth, natural looking head, sensually pleasure-beaded for an intensified orgasmic encounter.</span><br data-mce-fragment=""1""><br data-mce-fragment=""1""><span data-mce-fragment=""1"">The discreet Latex Extension is made from super stretchy latex for the ultimate snug and comfortable fit. The extension sleeve features a textured exterior finish and a roll down design, for easy application and removal. The extension instantly adds length to your size for an elevated performance every time. For maximum satisfaction, always use a water-based lube with this toy.</span></p>","Capricho Adult Store","","","2024-03-27T06:45:54-05:00","Title","Default Title",,,,,"SE1606012",23,,,"deny","manual","11.99","23.99",,false,,"https://cdn.shopify.com/s/files/1/0537/8893/4339/files/xdtnzP6TxlqI3xaw1c0m1IBfO4MthMkA.jpg?v=1709110447",1,,,,,,
"3-inch-smooth-latex-extension-ivory",,,,,,,,,,,,,,,,,,,,,,,,"https://cdn.shopify.com/s/files/1/0537/8893/4339/files/4cEJ0sQwGSCM8WklTqbv5pKO6KllHvPB.jpg?v=1709110447",2,,,,,,
"3-inch-smooth-latex-extension-ivory",,,,,,,,,,,,,,,,,,,,,,,,"https://cdn.shopify.com/s/files/1/0537/8893/4339/files/hE9UHSBGKgfidZeCT6mBtAjpeK5o8Rxc.jpg?v=1709110447",3,,,,,,
"3-inch-smooth-latex-extension-ivory",,,,,,,,,,,,,,,,,,,,,,,,"https://cdn.shopify.com/s/files/1/0537/8893/4339/files/XqYm0XJM4CuWjzJW1cop9Rvd3hC0A9D8.jpg?v=1709110447",4,,,,,,
"3-inch-smooth-latex-extension-ivory",,,,,,,,,,,,,,,,,,,,,,,,"https://cdn.shopify.com/s/files/1/0537/8893/4339/files/z4eGB626Rji3U5vCBXAoovCVuQVppp9r.jpg?v=1709110447",5,,,,,,
"3-inch-smooth-latex-extension-ivory",,,,,,,,,,,,,,,,,,,,,,,,"https://cdn.shopify.com/s/files/1/0537/8893/4339/files/jSEhjgSk9EBaHDAHpTC9cjYCn5BodKo0.jpg?v=1709110447",6,,,,,,
"3-inch-smooth-latex-extension-ivory",,,,,,,,,,,,,,,,,,,,,,,,"https://cdn.shopify.com/s/files/1/0537/8893/4339/files/zWJ1gEP9FPfbiAHgnLXpz2BWg6S8GUMM.jpg?v=1709110447",7,,,,,,
"hypnotic-thrusting-rabbit-with-swinging-clitoral-stimulator","Hypnotic - Thrusting Rabbit With Swinging Clitoral Stimulator","<span data-mce-fragment=""1"">This triple threat is equipped with a vibrating, thrusting shaft, along with an external rabbit extension that both vibrates and swings against your clitoris. Each function can work independently and the memory chip resumes the last function used. Hypnotic is great for all couples or solo play and is submersible. This rabbit vibe is made in an intense hot pink and bold black.</span><br>","Capricho Adult Store","","","2024-03-27T06:45:25-05:00","Title","Default Title",,,,,"VB-66108",358,,,"deny","manual","115.00","233.00",,false,,"https://cdn.shopify.com/s/files/1/0537/8893/4339/files/K4J78P5Hzf7UmwuhRWvWEhcRIfkiWYQB.jpg?v=1709114414",1,,,,,,
"hypnotic-thrusting-rabbit-with-swinging-clitoral-stimulator",,,,,,,,,,,,,,,,,,,,,,,,"https://cdn.shopify.com/s/files/1/0537/8893/4339/files/uRaRxdn5zGPkm8fRHBKjBR1thv3JvyvZ.jpg?v=1709114414",2,,,,,,
"hypnotic-thrusting-rabbit-with-swinging-clitoral-stimulator",,,,,,,,,,,,,,,,,,,,,,,,"https://cdn.shopify.com/s/files/1/0537/8893/4339/files/sAlxI2EFC6ohYnJceeluLBWOJIxeN4CQ.jpg?v=1709114414",3,,,,,,
"vibro-finger-wearable-stimulator","Vibro Finger Wearable Stimulator","<p data-mce-fragment=""1"">Manually stimulating your lover has never been more fun than with Vibro Finger. The smoky-colored sleeve is designed for dual-finger penetration and simultaneous clitoral stimulation. The sleeve slips over the fingers and wrist and has a shaft circled with ridges for added internal stimulation. The bullet vibrator is strapped at the wrist to provide intense clitoral vibrations. Let your fingers do the pleasing with Vibro Finger!  </p>
<h3 data-mce-fragment=""1"">
<strong data-mce-fragment=""1"">Features</strong>:</h3>
<ul data-mce-fragment=""1"">
<li data-mce-fragment=""1"">Body-Safe</li>
<li data-mce-fragment=""1"">One Size Fits Most</li>
<li data-mce-fragment=""1"">Soft and Stretchy</li>
<li data-mce-fragment=""1"">Perfect for Partners</li>
</ul>
<h3 data-mce-fragment=""1""><strong data-mce-fragment=""1"">Specifications:</strong></h3>
<ul>
<li>Color: Grey</li>
<li>Materials: TPR</li>
<li>Attributes: Pleasurable, Powerful, Ribbed</li>
<li>Product Size: Stretchable; One Size Fits Most</li>
<li>Package Size: 4.5"" wide x 6.5"" Height x 2"" Depth</li>
<li>Weight: 3.2 oz</li>
</ul>","Capricho Adult Store","","","2024-03-27T06:45:08-05:00","Title","Default Title",,,,,"ICB2651-2",91,,,"deny","manual","11.99","23.99",,false,,"https://cdn.shopify.com/s/files/1/0537/8893/4339/files/Vibro-Finger-Wearable-Stimulator-Capricho-Adult-Store-33540022.jpg?v=1703225389",1,,,,,,
"vibro-finger-wearable-stimulator",,,,,,,,,,,,,,,,,,,,,,,,"https://cdn.shopify.com/s/files/1/0537/8893/4339/files/Vibro-Finger-Wearable-Stimulator-Capricho-Adult-Store-33540164.jpg?v=1703225392",2,,,,,,
"rosegasm-twosome-dual-ended-suction-vibe","Rosegasm Twosome Dual Ended Suction Vibe","<p data-mce-fragment=""1"">This is a flower you'll be glad never wilts. The Rosegasm Twosome is a dual-ended suction vibrator that offers pleasure from every angle. On one end is a powerful clitoral stimulator that uses <span data-mce-fragment=""1"">air to gently stimulate the clitoris or nipples, while the silicone petals send sensation rippling outward.</span> The other end is a body-safe, insertable vibrator, angled to hit all the right spots. Explore five suction modes and 10 different vibrating patterns and get ready for all kinds of rosegasms!</p>
<p data-mce-fragment=""1""> </p>","Secret Kisses","Air Pulsator","Barbie,clit vibe,Couples Sale,cute sex toys,G-Spot,Galentines Gifting,Gifts For Vulvas,location_Auburn,location_Beaverton,location_Brea,location_Burlington,location_Cabana,location_Cerritos,location_Clackamas,location_Cordova,location_Costa Mesa,location_Culver,location_Distribution,location_Everett Broadway,location_Everett South,location_Federal Way,location_Huntington Beach,location_Issaquah,location_Kent,location_Lake Worth,location_Lynwood,location_Memphis,location_Meridian-Bellingham,location_Olympia,location_Orange,location_Palmdale,location_Puyallup,location_Randol Mill,location_Redmond,location_Renton,location_Ridglea,location_Riverside,location_Rosehill,location_San Bernardino,location_San Clemente,location_Shoreline,location_Silverdale,location_Spokane,location_Spokane Valley,location_Ti5,location_Tukwila,location_Westminster,multi functional,Rosegasm,Seen on IG,Solo Sale,Unique Toys","2024-03-27T06:45:05-05:00","Title","Default Title",,,,,"SK-1028",318,,,"deny","manual","77.99","155.99",,false,,"https://cdn.shopify.com/s/files/1/0537/8893/4339/files/Rosegasm-Twosome-Dual-Ended-Suction-Vibe-Secret-Kisses-28606610.jpg?v=1700619823",1,,,,,,
"rosegasm-twosome-dual-ended-suction-vibe",,,,,,,,,,,,,,,,,,,,,,,,"https://cdn.shopify.com/s/files/1/0537/8893/4339/files/Rosegasm-Twosome-Dual-Ended-Suction-Vibe-Secret-Kisses-28606727.jpg?v=1700619826",2,,,,,,
"rosegasm-twosome-dual-ended-suction-vibe",,,,,,,,,,,,,,,,,,,,,,,,"https://cdn.shopify.com/s/files/1/0537/8893/4339/files/Rosegasm-Twosome-Dual-Ended-Suction-Vibe-Secret-Kisses-28606850.jpg?v=1700619829",3,,,,,,
"rosegasm-twosome-dual-ended-suction-vibe",,,,,,,,,,,,,,,,,,,,,,,,"https://cdn.shopify.com/s/files/1/0537/8893/4339/files/Rosegasm-Twosome-Dual-Ended-Suction-Vibe-Secret-Kisses-28606949.jpg?v=1700619832",4,,,,,,
"rosegasm-twosome-dual-ended-suction-vibe",,,,,,,,,,,,,,,,,,,,,,,,"https://cdn.shopify.com/s/files/1/0537/8893/4339/files/Rosegasm-Twosome-Dual-Ended-Suction-Vibe-Secret-Kisses-28607056.jpg?v=1700619835",5,,,,,,
"rosegasm-twosome-dual-ended-suction-vibe",,,,,,,,,,,,,,,,,,,,,,,,"https://cdn.shopify.com/s/files/1/0537/8893/4339/files/Rosegasm-Twosome-Dual-Ended-Suction-Vibe-Secret-Kisses-28607161.jpg?v=1700619838",6,,,,,,
"rosegasm-twosome-dual-ended-suction-vibe",,,,,,,,,,,,,,,,,,,,,,,,"https://cdn.shopify.com/s/files/1/0537/8893/4339/files/Rosegasm-Twosome-Dual-Ended-Suction-Vibe-Secret-Kisses-28607286.jpg?v=1700619841",7,,,,,,
"rosegasm-twosome-dual-ended-suction-vibe",,,,,,,,,,,,,,,,,,,,,,,,"https://cdn.shopify.com/s/files/1/0537/8893/4339/files/Rosegasm-Twosome-Dual-Ended-Suction-Vibe-Secret-Kisses-28607371.jpg?v=1700619844",8,,,,,,
"shanes-world-finger-banger-purple","Shane's World Finger Banger","<p><span data-mce-fragment=""1"">The Shane’s World Finger Banger is a delightfully powerful bullet packed into a sensually ribbed tickler for playful pleasure. This easy-to-use stimulator is great for beginners looking to spice things up or erotic experts looking to add intense teasing to their toy box. </span></p>
<p><span data-mce-fragment=""1"">While the ravishing ridges work and the bulbuous tip stimulates sensual pleasure points, the compact bullet delivers thrilling vibrations throughout your next steamy play time. With only the touch of a button, you can embrace your adventurous side while powerful vibrations work their magic on your most sensitive pleasure points.</span></p>","Capricho Adult Store","","","2024-03-27T06:45:01-05:00","Title","Default Title",,,,,"SE0074202",68,,,"deny","manual","18.99","37.99",,false,,"https://cdn.shopify.com/s/files/1/0537/8893/4339/files/C5C8J5DsGqpVcasqv8ei9iqxHKwgmOpb.jpg?v=1709113320",1,,,,,,
"shanes-world-finger-banger-purple",,,,,,,,,,,,,,,,,,,,,,,,"https://cdn.shopify.com/s/files/1/0537/8893/4339/files/b5CIDACp2T0LRMcuveqnXkIZiJkCT1YQ.jpg?v=1709113320",2,,,,,,
"shanes-world-finger-banger-purple",,,,,,,,,,,,,,,,,,,,,,,,"https://cdn.shopify.com/s/files/1/0537/8893/4339/files/Svh3KzKoRK4Z3thKcF9uZ3K6NR9ySO62.jpg?v=1709113320",3,,,,,,
"shanes-world-finger-banger-purple",,,,,,,,,,,,,,,,,,,,,,,,"https://cdn.shopify.com/s/files/1/0537/8893/4339/files/3ttKSIjDpzDzLzXgkMdThQ9cXio9abyZ.jpg?v=1709113320",4,,,,,,
"shanes-world-finger-banger-purple",,,,,,,,,,,,,,,,,,,,,,,,"https://cdn.shopify.com/s/files/1/0537/8893/4339/files/q3Wdl3Iyd3uwGZiJGsVAAUijGigSOBMT.jpg?v=1709113320",5,,,,,,
"shanes-world-finger-banger-purple",,,,,,,,,,,,,,,,,,,,,,,,"https://cdn.shopify.com/s/files/1/0537/8893/4339/files/h5T1CS72OFfZNPJ3Lngy3kCrh2vNa4be.jpg?v=1709113320",6,,,,,,
"shanes-world-finger-banger-purple",,,,,,,,,,,,,,,,,,,,,,,,"https://cdn.shopify.com/s/files/1/0537/8893/4339/files/8RDDIo8aQ7qV8LcqVmVenj7K2mbtxnCR.jpg?v=1709113317",7,,,,,,
"shanes-world-finger-banger-purple",,,,,,,,,,,,,,,,,,,,,,,,"https://cdn.shopify.com/s/files/1/0537/8893/4339/files/awYx27IElEZFvtvSeEgfaS2mKaW8Hvku.jpg?v=1709113317",8,,,,,,
"shanes-world-finger-banger-purple",,,,,,,,,,,,,,,,,,,,,,,,"https://cdn.shopify.com/s/files/1/0537/8893/4339/files/SnifhgMdzlW6Y6DqzCJ6YiHjb3rBbFjJ.jpg?v=1709113317",9,,,,,,
"sona-2-cruise","Sona 2 Cruise","<p>SONA 2 Cruise uses gentle sonic waves instead of conventional vibrations for clitoral stimulation. This allows for an entirely new approach to pleasure, capable of generating multiple orgasms at once.</p>
<p>It also features LELO's patented Cruise Control technology, that ensures no drop in intensity when you press it hard against the body for an intense, deep release.</p>
<p>With twelve pleasure settings and a smooth design made out of premium body-safe silicone, the SONA 2 Cruise is your best bet when it comes to clitoral stimulation.</p>","Capricho Adult Store","","","2024-03-27T06:44:58-05:00","Title","Default Title",,,,,"LELO-7819",295,,,"deny","manual","149.00","298.00",,false,,"https://cdn.shopify.com/s/files/1/0537/8893/4339/files/xKbh5FY4RpGvukKqMdaRv6I3QnWpduOP.jpg?v=1709114814",1,,,,,,
"sona-2-cruise",,,,,,,,,,,,,,,,,,,,,,,,"https://cdn.shopify.com/s/files/1/0537/8893/4339/files/motIZsh6HvdbAKIk8kcDLMy9lGuVqnat.jpg?v=1709114814",2,,,,,,
"sona-2-cruise",,,,,,,,,,,,,,,,,,,,,,,,"https://cdn.shopify.com/s/files/1/0537/8893/4339/files/LDg4E78u8lk0dBoGfFPEFSbWGUCHp7fg.jpg?v=1709114814",3,,,,,,
"sona-2-cruise",,,,,,,,,,,,,,,,,,,,,,,,"https://cdn.shopify.com/s/files/1/0537/8893/4339/files/KvQMlCtkps6Yc85Dq4wrihIh44kRwzO1.jpg?v=1709114814",4,,,,,,
"sona-2-cruise",,,,,,,,,,,,,,,,,,,,,,,,"https://cdn.shopify.com/s/files/1/0537/8893/4339/files/iWPdaXVXFjJr91LEjhqYabufCed7DVAV.jpg?v=1709114789",5,,,,,,
"sona-2-cruise",,,,,,,,,,,,,,,,,,,,,,,,"https://cdn.shopify.com/s/files/1/0537/8893/4339/files/9KyzhBBzCCUBpYo1XfPRbnb1qkqdNA25.jpg?v=1709114814",6,,,,,,
"inya-rose-vibrating-air-pulsator","Inya Rose Vibrating","","Inya","Air Pulsator","$99 Best Seller,Alt Penetration,Barbie,Best Beg Toys,Best Beg Vibes,BEST SELLER,clit vibe,cute sex toys,Favorite Vibes,galaxy,Galentines Gifting,Gifts For Vulvas,Gifts Under $100,Gifts Under $75,Innovative Toys,location_Distribution,Newbies,pfs,pfs:label-New Colors Added!,Pride Shop,rose,Rosegasm,Seen on IG,self pleasure,Solo Sale,Solo Vulva,Stocking Stuffers,Top Rated Toys,Under $69,Unique Toys,Waterproof Toys,Waterproof Vibes","2024-03-27T06:41:57-05:00","Color","Red",,,,,"NSN-0554-66",181,,,"deny","manual","52.00","106.00",,false,,"https://cdn.shopify.com/s/files/1/0537/8893/4339/files/Inya-Rose-Vibrating-Inya-28698765.jpg?v=1700703898",1,,,"https://cdn.shopify.com/s/files/1/0537/8893/4339/files/Inya-Rose-Vibrating-Inya-28698765.jpg?v=1700703898",,,
"inya-rose-vibrating-air-pulsator",,,,,,,"Color","Pink",,,,,"NSN-0554-64",181,,,"deny","manual","52.00","106.00",,false,,"https://cdn.shopify.com/s/files/1/0537/8893/4339/files/Inya-Rose-Vibrating-Inya-28698843.jpg?v=1700703902",2,,,"https://cdn.shopify.com/s/files/1/0537/8893/4339/files/Inya-Rose-Vibrating-Inya-28699339.jpg?v=1700703917",,,
"inya-rose-vibrating-air-pulsator",,,,,,,"Color","Black",,,,,"NSN-0554-63",181,,,"deny","manual","52.00","106.00",,false,,"https://cdn.shopify.com/s/files/1/0537/8893/4339/files/Inya-Rose-Vibrating-Inya-28698948.jpg?v=1700703905",3,,,"https://cdn.shopify.com/s/files/1/0537/8893/4339/files/Inya-Rose-Vibrating-Inya-28699647.jpg?v=1700703926",,,
"inya-rose-vibrating-air-pulsator",,,,,,,"Color","Glow in the Dark",,,,,"NSN-0554-60",181,,,"deny","manual","52.00","106.00",,false,,"https://cdn.shopify.com/s/files/1/0537/8893/4339/files/Inya-Rose-Vibrating-Inya-28699049.jpg?v=1700703908",4,,,"https://cdn.shopify.com/s/files/1/0537/8893/4339/files/Inya-Rose-Vibrating-Inya-28699971.jpg?v=1700703935",,,
"inya-rose-vibrating-air-pulsator",,,,,,,,,,,,,,,,,,,,,,,,"https://cdn.shopify.com/s/files/1/0537/8893/4339/files/Inya-Rose-Vibrating-Inya-28699144.jpg?v=1700703911",5,,,,,,
"inya-rose-vibrating-air-pulsator",,,,,,,,,,,,,,,,,,,,,,,,"https://cdn.shopify.com/s/files/1/0537/8893/4339/files/Inya-Rose-Vibrating-Inya-28699223.jpg?v=1700703915",6,,,,,,
"inya-rose-vibrating-air-pulsator",,,,,,,,,,,,,,,,,,,,,,,,"https://cdn.shopify.com/s/files/1/0537/8893/4339/files/Inya-Rose-Vibrating-Inya-28699339.jpg?v=1700703917",7,,,,,,
"inya-rose-vibrating-air-pulsator",,,,,,,,,,,,,,,,,,,,,,,,"https://cdn.shopify.com/s/files/1/0537/8893/4339/files/Inya-Rose-Vibrating-Inya-28699448.jpg?v=1700703920",8,,,,,,
"inya-rose-vibrating-air-pulsator",,,,,,,,,,,,,,,,,,,,,,,,"https://cdn.shopify.com/s/files/1/0537/8893/4339/files/Inya-Rose-Vibrating-Inya-28699527.jpg?v=1700703923",9,,,,,,
"inya-rose-vibrating-air-pulsator",,,,,,,,,,,,,,,,,,,,,,,,"https://cdn.shopify.com/s/files/1/0537/8893/4339/files/Inya-Rose-Vibrating-Inya-28699647.jpg?v=1700703926",10,,,,,,
"inya-rose-vibrating-air-pulsator",,,,,,,,,,,,,,,,,,,,,,,,"https://cdn.shopify.com/s/files/1/0537/8893/4339/files/Inya-Rose-Vibrating-Inya-28699743.jpg?v=1700703931",11,,,,,,
"inya-rose-vibrating-air-pulsator",,,,,,,,,,,,,,,,,,,,,,,,"https://cdn.shopify.com/s/files/1/0537/8893/4339/files/Inya-Rose-Vibrating-Inya-28699874.jpg?v=1700703932",12,,,,,,
"inya-rose-vibrating-air-pulsator",,,,,,,,,,,,,,,,,,,,,,,,"https://cdn.shopify.com/s/files/1/0537/8893/4339/files/Inya-Rose-Vibrating-Inya-28699971.jpg?v=1700703935",13,,,,,,
"inya-rose-vibrating-air-pulsator",,,,,,,,,,,,,,,,,,,,,,,,"https://cdn.shopify.com/s/files/1/0537/8893/4339/files/Inya-Rose-Vibrating-Inya-28700090.jpg?v=1700703938",14,,,,,,
"inya-rose-vibrating-air-pulsator",,,,,,,,,,,,,,,,,,,,,,,,"https://cdn.shopify.com/s/files/1/0537/8893/4339/files/Inya-Rose-Vibrating-Inya-28700186.jpg?v=1700703942",15,,,,,,
"inya-rose-vibrating-air-pulsator",,,,,,,,,,,,,,,,,,,,,,,,"https://cdn.shopify.com/s/files/1/0537/8893/4339/files/Inya-Rose-Vibrating-Inya-28700229.jpg?v=1700703947",16,,,,,,
"satisfyer-number-two","Satisfyer Number Two","","Capricho Adult Store","","","2024-03-27T06:41:53-05:00","Title","Default Title",,,,,"SAT-SATI2NG",204,,,"deny","manual","39.95","80.99",,false,,"https://cdn.shopify.com/s/files/1/0537/8893/4339/files/m3wYXZzojSlR4EVIujQv0PUhEr56QOpX_1.jpg?v=1709125392",1,,,,,,
"satisfyer-number-two",,,,,,,,,,,,,,,,,,,,,,,,"https://cdn.shopify.com/s/files/1/0537/8893/4339/files/m1S7YH5BFkLetAdJ6eimPRxA8sbsGbdf.jpg?v=1709125392",2,,,,,,
"satisfyer-number-two",,,,,,,,,,,,,,,,,,,,,,,,"https://cdn.shopify.com/s/files/1/0537/8893/4339/files/Szmz0fy9bgLvc9ZZS1Yv3Xq5q4oGCUAG.jpg?v=1709125392",3,,,,,,
"satisfyer-number-two",,,,,,,,,,,,,,,,,,,,,,,,"https://cdn.shopify.com/s/files/1/0537/8893/4339/files/TV7XlfUptLOQuAdgOGZ3PqZfgvRyVruK.jpg?v=1709125392",4,,,,,,
"satisfyer-number-two",,,,,,,,,,,,,,,,,,,,,,,,"https://cdn.shopify.com/s/files/1/0537/8893/4339/files/8H8B8RNW3LnxD6kmFFMjlwupw0IzbWiD.jpg?v=1709125388",5,,,,,,
"g-kiss-vibe","G-Kiss Vibe","<p><span data-mce-fragment=""1"">Enjoy erotic sensual sensations whenever you are in the mood, with the G-Kiss vibe. The discreet power-packed stimulator is contoured to deliver ultimate G-spot arousal and clitoral stimulation. Slip the compact arouser into your purse for thrilling intimate fun wherever you go.</span></p>
<h3><strong>Special Features:</strong></h3>
<ul class=""a-unordered-list a-vertical a-spacing-mini"">
<li class=""a-spacing-mini""><span class=""a-list-item"">Designed to enhance intimacy and pleasure</span></li>
<li class=""a-spacing-mini""><span class=""a-list-item"">Durably made and offers the ultimate in sensual comfort</span></li>
<li class=""a-spacing-mini""><span class=""a-list-item"">Made for pleasure and safety, you’ll please your partner and add more excitement to your own bedroom experience</span></li>
</ul>
<h3><span class=""a-list-item"">Specifications:</span></h3>
<ul>
<li><span class=""a-list-item"">Color: Purple and Blue</span></li>
<li><span class=""a-list-item"">Purpose: G-spot and clitoral stimulator</span></li>
<li><span class=""a-list-item"">How to Clean:<strong data-mce-fragment=""1""><span data-mce-fragment=""1""> </span></strong><span data-mce-fragment=""1"">Clean before and after each use with soap and warm water or toy cleaner.</span></span></li>
<li><span class=""a-list-item"">Style: Vibrator</span></li>
<li><span class=""a-list-item"">Item Dimensions LxWxH: 1.55 x 5.25 x 11 inches</span></li>
<li><span class=""a-list-item"">Water Resistance Level: Waterproof</span></li>
</ul>","Capricho Adult Store","","","2024-03-27T06:41:51-05:00","Color","Purple",,,,,"SE0782502",181,,,"deny","manual","34.99","70.99",,false,,"https://cdn.shopify.com/s/files/1/0537/8893/4339/files/G-Kiss-Vibe-Capricho-Adult-Store-28803053.jpg?v=1700815956",1,,,"https://cdn.shopify.com/s/files/1/0537/8893/4339/files/G-Kiss-Vibe-Capricho-Adult-Store-28803053.jpg?v=1700815956",,,
"g-kiss-vibe",,,,,,,"Color","Pink",,,,,"SE0782452",181,,,"deny","manual","34.99","70.99",,false,,"https://cdn.shopify.com/s/files/1/0537/8893/4339/files/G-Kiss-Vibe-Capricho-Adult-Store-28803981.jpg?v=1700816507",2,,,"https://cdn.shopify.com/s/files/1/0537/8893/4339/files/WHsETIU9WPlE8H5wuzYkQ6fkZGeHsOZt.jpg?v=1709113606",,,
"g-kiss-vibe",,,,,,,,,,,,,,,,,,,,,,,,"https://cdn.shopify.com/s/files/1/0537/8893/4339/files/G-Kiss-Vibe-Capricho-Adult-Store-28804058.jpg?v=1700816507",3,,,,,,
"g-kiss-vibe",,,,,,,,,,,,,,,,,,,,,,,,"https://cdn.shopify.com/s/files/1/0537/8893/4339/files/G-Kiss-Vibe-Capricho-Adult-Store-28804130.jpg?v=1700816507",4,,,,,,
"g-kiss-vibe",,,,,,,,,,,,,,,,,,,,,,,,"https://cdn.shopify.com/s/files/1/0537/8893/4339/files/G-Kiss-Vibe-Capricho-Adult-Store-28804246.jpg?v=1700816507",5,,,,,,
"g-kiss-vibe",,,,,,,,,,,,,,,,,,,,,,,,"https://cdn.shopify.com/s/files/1/0537/8893/4339/files/G-Kiss-Vibe-Capricho-Adult-Store-28804381.jpg?v=1700816507",6,,,,,,
"g-kiss-vibe",,,,,,,,,,,,,,,,,,,,,,,,"https://cdn.shopify.com/s/files/1/0537/8893/4339/files/G-Kiss-Vibe-Capricho-Adult-Store-28803122.jpg?v=1700816507",7,,,,,,
"g-kiss-vibe",,,,,,,,,,,,,,,,,,,,,,,,"https://cdn.shopify.com/s/files/1/0537/8893/4339/files/G-Kiss-Vibe-Capricho-Adult-Store-28803247.jpg?v=1700816507",8,,,,,,
"g-kiss-vibe",,,,,,,,,,,,,,,,,,,,,,,,"https://cdn.shopify.com/s/files/1/0537/8893/4339/files/G-Kiss-Vibe-Capricho-Adult-Store-28803346.jpg?v=1700816507",9,,,,,,
"g-kiss-vibe",,,,,,,,,,,,,,,,,,,,,,,,"https://cdn.shopify.com/s/files/1/0537/8893/4339/files/G-Kiss-Vibe-Capricho-Adult-Store-28803468.jpg?v=1700816507",10,,,,,,
"g-kiss-vibe",,,,,,,,,,,,,,,,,,,,,,,,"https://cdn.shopify.com/s/files/1/0537/8893/4339/files/G-Kiss-Vibe-Capricho-Adult-Store-28803555.jpg?v=1700816507",11,,,,,,
"g-kiss-vibe",,,,,,,,,,,,,,,,,,,,,,,,"https://cdn.shopify.com/s/files/1/0537/8893/4339/files/G-Kiss-Vibe-Capricho-Adult-Store-28802778.jpg?v=1700816507",12,,,,,,
"g-kiss-vibe",,,,,,,,,,,,,,,,,,,,,,,,"https://cdn.shopify.com/s/files/1/0537/8893/4339/files/G-Kiss-Vibe-Capricho-Adult-Store-28802873.jpg?v=1700816507",13,,,,,,
"g-kiss-vibe",,,,,,,,,,,,,,,,,,,,,,,,"https://cdn.shopify.com/s/files/1/0537/8893/4339/files/G-Kiss-Vibe-Capricho-Adult-Store-28802995.jpg?v=1700816504",14,,,,,,
"g-kiss-vibe",,,,,,,,,,,,,,,,,,,,,,,,"https://cdn.shopify.com/s/files/1/0537/8893/4339/files/CegUN9mlua1LNpFZBxU4iJnhnkBNZP1B.jpg?v=1709113606",15,,,,,,
"g-kiss-vibe",,,,,,,,,,,,,,,,,,,,,,,,"https://cdn.shopify.com/s/files/1/0537/8893/4339/files/5bn8ZQqvZfrBEpO1egtyIBLzQjU9wrxj.jpg?v=1709113606",16,,,,,,
"g-kiss-vibe",,,,,,,,,,,,,,,,,,,,,,,,"https://cdn.shopify.com/s/files/1/0537/8893/4339/files/WHsETIU9WPlE8H5wuzYkQ6fkZGeHsOZt.jpg?v=1709113606",17,,,,,,
"colt-multi-speed-power-pak-egg","Colt Multi-Speed Power Pak Egg","<p>Handsomely stylish and powerful, the COLT Multi-Speed Power Pak™ Egg is befitting of the COLT name. This intensely satisfying EZ grip power pack offers powerful multi-speed sensations that will have you craving more, more, more.<br data-mce-fragment=""1""><br data-mce-fragment=""1"">Crafted from high quality ABS with silver plating, this egg is as powerful as it is good looking. For the ultimate in vibrating pleasure, you can’t beat the COLT Multi-Speed Power Pak™ Egg. This egg will take you to thrilling levels of sensation and enjoyment. Luxuriously hedonistic, the Multi-Speed Power Pak™ Egg provides the perfect way to achieve exciting fantasies and a vibrant experience just pulsating with gratifying enjoyment.<br data-mce-fragment=""1""><br data-mce-fragment=""1"">Both flexible and durable, for long-lasting gratification, the COLT Multi-Speed Power Pak™ Egg offers powerful sensations for the utmost in sensual pleasure. Whether you’re flying solo or with a partner, this egg offers the versatility that you’ll want for fun and excitement. Also, for maximum enjoyment, always use with a water-based lubricant.<br data-mce-fragment=""1""><br data-mce-fragment=""1"">Remember to take great care of your egg by washing it thoroughly before and after use with toy cleaner or warm, soapy water.</p>
<h3><strong>Specifications:</strong></h3>
<ul>
<li>Color: Smoke</li>
<li>Materials: ABS Plastic / Metallic Plating</li>
<li>Power Source: 2AA (Not Included)</li>
<li>Features: Phthalate Free,Vibrates</li>
<li>Length: Under 4""</li>
<li>Width: Between 1"" and 2""</li>
<li>Dimensions: 2"" x 1.25"" / 5cm x 3.1cm (Bullet)</li>
<li>Weight: Bulk:2.3(oz) / 0.07(kg) | Package:8.1(oz) / 0.23(kg)</li>
</ul>","Capricho Adult Store","","","2024-03-27T06:41:39-05:00","Title","Default Title",,,,,"SE6890202",113,,,"deny","manual","10.99","21.99",,false,,"https://cdn.shopify.com/s/files/1/0537/8893/4339/files/Colt-Multi-Speed-Power-Pak-Egg-Capricho-Adult-Store-30851992.jpg?v=1701687786",1,,,,,,
"colt-multi-speed-power-pak-egg",,,,,,,,,,,,,,,,,,,,,,,,"https://cdn.shopify.com/s/files/1/0537/8893/4339/files/Colt-Multi-Speed-Power-Pak-Egg-Capricho-Adult-Store-30852052.jpg?v=1701687789",2,,,,,,
"colt-multi-speed-power-pak-egg",,,,,,,,,,,,,,,,,,,,,,,,"https://cdn.shopify.com/s/files/1/0537/8893/4339/files/Colt-Multi-Speed-Power-Pak-Egg-Capricho-Adult-Store-30852160.jpg?v=1701687792",3,,,,,,
"colt-multi-speed-power-pak-egg",,,,,,,,,,,,,,,,,,,,,,,,"https://cdn.shopify.com/s/files/1/0537/8893/4339/files/Colt-Multi-Speed-Power-Pak-Egg-Capricho-Adult-Store-30852211.jpg?v=1701687796",4,,,,,,
"colt-multi-speed-power-pak-egg",,,,,,,,,,,,,,,,,,,,,,,,"https://cdn.shopify.com/s/files/1/0537/8893/4339/files/Colt-Multi-Speed-Power-Pak-Egg-Capricho-Adult-Store-30852389.jpg?v=1701687799",5,,,,,,
"colt-multi-speed-power-pak-egg",,,,,,,,,,,,,,,,,,,,,,,,"https://cdn.shopify.com/s/files/1/0537/8893/4339/files/Colt-Multi-Speed-Power-Pak-Egg-Capricho-Adult-Store-30852438.jpg?v=1701687801",6,,,,,,
"ripples-finger-bang-her-vibe-teal","Ripples Finger Bang-Her Vibe","<p><span data-mce-fragment=""1"">Whether you are spending an evening praising yourself or having a nooner with your partner, the Ripples Finger Bang-Her Vibe is designed to amplify your experience! </span></p>
<p><span data-mce-fragment=""1"">Simply slip this discreet and petite vibe onto your finger and apply the delicious hum of vibration to your desired body part. </span></p>
<p><span data-mce-fragment=""1"">The buzzing will awaken every nerve for an unforgettable pleasure experience. Target stimulation with the point of your finger! Take ecstasy into your own hands!</span><br data-mce-fragment=""1""><br></p>","Capricho Adult Store","","","2024-03-27T06:41:27-05:00","Color","Teal",,,,,"FR-AE620",23,,,"deny","manual","10.80","22.00",,false,,"https://cdn.shopify.com/s/files/1/0537/8893/4339/files/XH0GompQ3ylmUPWygGzxua0n2nQrgXyN.jpg?v=1709112582",1,,,"https://cdn.shopify.com/s/files/1/0537/8893/4339/files/XH0GompQ3ylmUPWygGzxua0n2nQrgXyN.jpg?v=1709112582",,,
"ripples-finger-bang-her-vibe-teal",,,,,,,"Color","Pink",,,,,"FR-AE621",23,,,"deny","manual","10.80","22.00",,false,,"https://cdn.shopify.com/s/files/1/0537/8893/4339/files/2IATWwQk68tIvah3GahDYog5bNG8kc1z.jpg?v=1709112582",2,,,"https://cdn.shopify.com/s/files/1/0537/8893/4339/files/2IATWwQk68tIvah3GahDYog5bNG8kc1z.jpg?v=1709112582",,,
"ripples-finger-bang-her-vibe-teal",,,,,,,,,,,,,,,,,,,,,,,,"https://cdn.shopify.com/s/files/1/0537/8893/4339/files/uEyJmwLtDHidDnSsUmlSzA0EMu1iV3be.jpg?v=1709112582",3,,,,,,
"ripples-finger-bang-her-vibe-teal",,,,,,,,,,,,,,,,,,,,,,,,"https://cdn.shopify.com/s/files/1/0537/8893/4339/files/CujjmLarxvJO3F3oY0v8jblUFE7zCRM6.jpg?v=1709112582",4,,,,,,
"ripples-finger-bang-her-vibe-teal",,,,,,,,,,,,,,,,,,,,,,,,"https://cdn.shopify.com/s/files/1/0537/8893/4339/files/ES8i3E5gSMYMFz8NLQyYgk0AkXL8aJAi.jpg?v=1709112582",5,,,,,,
"ripples-finger-bang-her-vibe-teal",,,,,,,,,,,,,,,,,,,,,,,,"https://cdn.shopify.com/s/files/1/0537/8893/4339/files/XanmednCHy80XVk45HL7e7RO5mHAqPfs.jpg?v=1709112582",6,,,,,,
"ripples-finger-bang-her-vibe-teal",,,,,,,,,,,,,,,,,,,,,,,,"https://cdn.shopify.com/s/files/1/0537/8893/4339/files/QuAme3Lx4VmruZki6aH9HL9zqoH3l3VV.jpg?v=1709112582",7,,,,,,
"dr-laura-berman-alena-set-of-3-silicone-dilators","Dr. Laura Berman Alena Set of 3 Silicone Dilators","","Capricho Adult Store","","","2024-03-27T06:41:24-05:00","Title","Default Title",,,,,"SE9710053",136,,,"deny","manual","35.99","72.99",,false,,"https://cdn.shopify.com/s/files/1/0537/8893/4339/files/Dr.-Laura-Berman-Alena-Set-of-3-Silicone-Dilators-Capricho-Adult-Store-32348792.jpg?v=1702450312",1,,,,,,
"dr-laura-berman-alena-set-of-3-silicone-dilators",,,,,,,,,,,,,,,,,,,,,,,,"https://cdn.shopify.com/s/files/1/0537/8893/4339/files/Dr.-Laura-Berman-Alena-Set-of-3-Silicone-Dilators-Capricho-Adult-Store-32348873.jpg?v=1702450315",2,,,,,,
"dr-laura-berman-alena-set-of-3-silicone-dilators",,,,,,,,,,,,,,,,,,,,,,,,"https://cdn.shopify.com/s/files/1/0537/8893/4339/files/Dr.-Laura-Berman-Alena-Set-of-3-Silicone-Dilators-Capricho-Adult-Store-32348973.jpg?v=1702450318",3,,,,,,
"dr-laura-berman-alena-set-of-3-silicone-dilators",,,,,,,,,,,,,,,,,,,,,,,,"https://cdn.shopify.com/s/files/1/0537/8893/4339/files/Dr.-Laura-Berman-Alena-Set-of-3-Silicone-Dilators-Capricho-Adult-Store-32349071.jpg?v=1702450321",4,,,,,,
"dr-laura-berman-alena-set-of-3-silicone-dilators",,,,,,,,,,,,,,,,,,,,,,,,"https://cdn.shopify.com/s/files/1/0537/8893/4339/files/Dr.-Laura-Berman-Alena-Set-of-3-Silicone-Dilators-Capricho-Adult-Store-32349128.jpg?v=1702450324",5,,,,,,
"gum-job-oral-sex-candy-teeth-covers-6-pack","Gum Job Oral Sex Candy Teeth Covers 6 Pack","<div class=""description_section"" data-mce-fragment=""1"">
<p data-mce-fragment=""1"" itemprop=""description"">Give your partner the ultimate BJ with Gum Job Oral Sex Gummy Candy Teeth Covers. These great tasting candy teeth covers are easy to fit over any size teeth and taste orally delicious. With flavors including Cherry Pie, Wild Watermelon, and Succulent Strawberry. You will be sure to bring your partner to their maximum O when you wrap your lips around him in these sexy oral candy treats.</p>
<p data-mce-fragment=""1"" itemprop=""description""><span>For best results, suck on the fruity candy for a few minutes beforehand to soften. In Cherry Pie, Wild Watermelon and Succulent Strawberry. 6 included. </span></p>
</div>","Capricho Adult Store","","","2024-03-27T06:41:20-05:00","Title","Default Title",,,,,"HTP2855",91,,,"deny","manual","7.80","15.00",,false,,"https://cdn.shopify.com/s/files/1/0537/8893/4339/files/Gum-Job-Oral-Sex-Candy-Teeth-Covers-6-Pack-Capricho-Adult-Store-33555675.jpg?v=1703233795",1,,,,,,
"gum-job-oral-sex-candy-teeth-covers-6-pack",,,,,,,,,,,,,,,,,,,,,,,,"https://cdn.shopify.com/s/files/1/0537/8893/4339/files/Gum-Job-Oral-Sex-Candy-Teeth-Covers-6-Pack-Capricho-Adult-Store-33555713.jpg?v=1703233798",2,,,,,,
"gum-job-oral-sex-candy-teeth-covers-6-pack",,,,,,,,,,,,,,,,,,,,,,,,"https://cdn.shopify.com/s/files/1/0537/8893/4339/files/Gum-Job-Oral-Sex-Candy-Teeth-Covers-6-Pack-Capricho-Adult-Store-33555869.jpg?v=1703233920",3,,,,,,
"magic-wand-mini","Mini Magic Wand Rechargeable","","Capricho Adult Store","","","2024-03-27T06:41:16-05:00","Title","Default Title",,,,,"HV-135",476,,,"deny","manual","99.95","200.00",,false,,"https://cdn.shopify.com/s/files/1/0537/8893/4339/files/1dac74f670693968ae8a65f51863e2d4_05d543bf-ce6b-4bbe-bb15-16ddbd51eac8.jpg?v=1712131755",1,,,,,,
"magic-wand-mini",,,,,,,,,,,,,,,,,,,,,,,,"https://cdn.shopify.com/s/files/1/0537/8893/4339/files/60feb7844a08e45e47b6da8604039f7f_91065ad2-3ab4-4c64-95d9-dd2d8bb497fb.jpg?v=1712131755",2,,,,,,
"magic-wand-mini",,,,,,,,,,,,,,,,,,,,,,,,"https://cdn.shopify.com/s/files/1/0537/8893/4339/files/0f663400815bad865810d3bca0c07289.jpg?v=1712131755",3,,,,,,
"magic-wand-mini",,,,,,,,,,,,,,,,,,,,,,,,"https://cdn.shopify.com/s/files/1/0537/8893/4339/files/8b1732eb7ccdddaccad4e7ca9569aa35.jpg?v=1712131755",4,,,,,,
"magic-wand-mini",,,,,,,,,,,,,,,,,,,,,,,,"https://cdn.shopify.com/s/files/1/0537/8893/4339/files/cd06df760c0f9bfa754529993bdf2c5c.jpg?v=1712131752",5,,,,,,
"magic-wand-mini",,,,,,,,,,,,,,,,,,,,,,,,"https://cdn.shopify.com/s/files/1/0537/8893/4339/files/e2fb68e7b17d4d2585c719b98e600142_5c0f5e12-0611-4527-a234-ddeadfce6ce0.jpg?v=1712131751",6,,,,,,